timestamp,tenant1_pending,tenant1_running,tenant1_completed,tenant1_preempted,tenant2_pending,tenant2_running,tenant2_completed,tenant2_preempted,tenant3_pending,tenant3_running,tenant3_completed,tenant3_preempted,backfill_pending,backfill_running,backfill_completed,backfill_preempted
0,0,0,0,0,0,0,0,0,0,0,0,0,0,0,0,0
2,0,0,0,0,0,0,0,0,0,0,0,0,168,0,0,0
3,0,0,0,0,0,0,0,0,0,0,0,0,248,0,0,0
4,0,0,0,0,0,0,0,0,0,0,0,0,328,0,0,0
5,0,0,0,0,0,0,0,0,0,0,0,0,360,24,0,0
7,0,0,0,0,0,0,0,0,0,0,0,0,328,56,0,0
8,0,0,0,0,0,0,0,0,0,0,0,0,264,120,0,0
9,0,0,0,0,0,0,0,0,0,0,0,0,248,136,0,0
11,0,0,0,0,0,0,0,0,0,0,0,0,208,176,0,0
12,0,0,0,0,0,0,0,0,0,0,0,0,136,248,0,0
13,0,0,0,0,0,0,0,0,0,0,0,0,72,312,0,0
15,0,0,0,0,0,0,0,0,0,0,0,0,0,384,0,0
16,0,0,0,0,0,0,0,0,0,0,0,0,0,384,0,0
18,0,0,0,0,0,0,0,0,0,0,0,0,0,384,0,0
19,0,0,0,0,0,0,0,0,0,0,0,0,0,384,0,0
20,0,0,0,0,0,0,0,0,0,0,0,0,0,384,0,0
22,0,0,0,0,0,0,0,0,0,0,0,0,0,384,0,0
23,0,0,0,0,0,0,0,0,0,0,0,0,0,384,0,0
24,0,0,0,0,0,0,0,0,0,0,0,0,0,384,0,0
26,0,0,0,0,0,0,0,0,0,0,0,0,0,384,0,0
27,0,0,0,0,0,0,0,0,0,0,0,0,0,384,0,0
28,0,0,0,0,0,0,0,0,0,0,0,0,0,384,0,0
30,0,0,0,0,0,0,0,0,0,0,0,0,0,384,0,0
31,64,0,0,0,0,0,0,0,0,0,0,0,0,384,0,0
33,108,0,0,0,0,0,0,0,0,0,0,0,0,384,0,0
34,160,0,0,0,0,0,0,0,0,0,0,0,0,384,0,0
36,208,0,0,0,0,0,0,0,0,0,0,0,0,384,0,0
37,264,0,0,0,0,0,0,0,0,0,0,0,0,384,0,0
39,316,0,0,0,0,0,0,0,0,0,0,0,8,384,0,0
41,340,0,0,0,0,0,0,0,0,0,0,0,32,384,0,24
42,376,0,0,0,0,0,0,0,0,0,0,0,48,384,0,48
44,384,0,0,0,0,0,0,0,0,0,0,0,104,384,0,88
46,384,0,0,0,0,0,0,0,0,0,0,0,168,384,0,152
47,384,0,0,0,0,0,0,0,0,0,0,0,168,384,0,168
49,384,0,0,0,0,0,0,0,0,0,0,0,168,384,0,168
51,384,0,0,0,0,0,0,0,0,0,0,0,168,384,0,176
53,384,0,0,0,0,0,0,0,0,0,0,0,176,384,0,176
54,384,0,0,0,0,0,0,0,0,0,0,0,176,384,0,176
56,384,0,0,0,0,0,0,0,0,0,0,0,176,384,0,176
58,384,0,0,0,0,0,0,0,0,0,0,0,176,384,0,176
60,384,0,0,0,0,0,0,0,0,0,0,0,176,384,0,176
61,384,0,0,0,52,0,0,0,0,0,0,0,176,384,0,176
63,384,0,0,0,108,0,0,0,0,0,0,0,176,296,0,176
65,384,0,0,0,128,0,0,0,0,0,0,0,200,264,0,200
67,384,0,0,0,128,0,0,0,0,0,0,0,224,240,0,224
68,384,0,0,0,128,0,0,0,0,0,0,0,232,224,0,240
70,384,0,0,0,128,0,0,0,0,0,0,0,240,224,0,240
72,384,0,0,0,128,0,0,0,0,0,0,0,264,216,0,272
74,384,0,0,0,128,0,0,0,0,0,0,0,280,216,0,280
75,380,4,0,0,128,0,0,0,0,0,0,0,280,216,0,280
77,372,12,0,0,128,0,0,0,0,0,0,0,280,216,0,280
79,372,12,0,0,128,0,0,0,0,0,0,0,296,216,0,296
81,372,12,0,0,128,0,0,0,0,0,0,0,312,216,0,312
82,372,12,0,0,128,0,0,0,0,0,0,0,312,208,0,312
84,372,12,0,0,128,0,0,0,0,0,0,0,312,208,0,312
86,372,12,0,0,128,0,0,0,0,0,0,0,336,208,0,336
88,372,12,0,0,128,0,0,0,0,0,0,0,336,208,0,336
90,372,12,0,0,128,0,0,0,0,0,0,0,336,208,0,336
91,364,20,0,0,128,0,0,0,2,0,0,0,336,208,0,336
93,364,20,0,0,128,0,0,0,2,0,0,0,336,200,0,336
95,364,20,0,0,128,0,0,0,2,0,0,0,336,192,0,336
97,364,20,0,0,128,0,0,0,4,0,0,0,336,160,0,336
98,364,20,0,0,128,0,0,0,4,0,0,0,336,160,0,336
100,364,20,0,0,128,0,0,0,4,0,0,0,336,144,0,336
102,364,20,0,0,112,16,0,0,6,0,0,0,336,120,0,336
104,364,20,0,0,100,28,0,0,6,0,0,0,336,104,0,336
105,364,20,0,0,100,28,0,0,6,0,0,0,336,104,0,336
107,364,20,0,0,100,28,0,0,8,0,0,0,336,104,0,336
109,364,20,0,0,100,28,0,0,8,0,0,0,336,88,0,344
111,364,20,0,0,88,40,0,0,8,0,0,0,352,88,0,352
113,348,36,0,0,88,40,0,0,10,0,0,0,352,80,0,376
114,344,40,0,0,84,44,0,0,10,0,0,0,384,72,0,384
116,336,48,0,0,84,44,0,0,12,0,0,0,384,72,0,384
118,324,60,0,0,76,52,0,0,12,0,0,0,384,72,0,384
120,320,64,0,0,72,56,0,0,12,0,0,0,392,72,0,384
122,304,80,0,0,72,56,0,0,12,2,0,0,408,72,0,384
124,388,80,0,0,56,72,0,0,10,4,0,0,392,80,0,384
126,436,88,0,0,44,84,0,0,8,6,0,0,384,80,0,384
128,480,108,0,0,36,92,0,0,6,8,0,0,392,72,0,384
130,528,124,0,0,32,96,0,0,2,12,0,0,392,72,0,384
132,572,132,0,0,28,100,0,0,0,14,0,0,384,96,0,384
134,632,136,0,0,28,100,0,0,0,14,0,0,384,104,0,384
136,632,136,0,0,28,100,0,0,4,14,0,0,384,104,0,384
139,632,136,0,0,28,100,0,0,6,14,0,0,384,104,0,384
141,632,136,0,0,28,100,0,0,6,14,0,0,384,88,0,384
143,632,136,0,4,28,100,0,4,8,14,0,0,384,88,0,384
145,636,136,0,4,32,100,0,4,8,14,0,0,384,56,0,384
148,636,136,0,4,28,104,0,4,10,14,0,0,384,56,0,384
150,636,136,0,4,28,104,0,4,8,16,0,0,384,56,0,384
153,636,136,0,4,68,108,0,4,4,22,0,0,384,48,0,384
155,636,136,0,4,144,116,0,4,4,22,0,0,384,8,0,384
157,632,140,0,4,132,128,0,4,4,24,0,0,392,0,0,384
160,624,148,0,4,124,136,0,4,0,28,0,0,384,8,0,384
162,608,164,0,4,124,136,0,4,2,28,0,0,384,8,0,384
165,592,180,0,4,124,136,0,4,2,28,0,0,384,8,0,384
167,576,196,0,4,124,136,0,4,0,30,0,0,384,8,0,384
169,576,196,0,4,124,136,0,4,0,32,0,0,384,8,0,384
172,576,196,0,4,124,136,0,4,0,32,0,0,384,8,0,384
174,576,192,0,4,124,132,0,4,0,34,0,0,384,8,0,384
176,576,192,0,4,120,136,0,4,0,30,4,0,384,8,0,384
179,564,204,0,4,120,136,0,4,0,26,10,0,384,8,0,384
182,564,204,0,4,120,136,0,4,0,24,12,0,384,8,0,384
185,564,204,0,4,120,136,0,4,50,28,12,0,384,8,0,384
188,564,204,0,4,120,136,0,4,100,26,14,0,384,0,0,384
190,552,216,0,4,120,136,0,4,148,26,14,0,384,0,0,384
193,556,216,0,16,120,136,0,4,190,26,14,0,384,0,0,384
196,564,216,0,16,120,136,0,4,192,28,14,0,384,0,0,384
199,564,216,0,16,120,136,0,4,194,28,14,0,384,0,0,384
203,564,216,0,16,120,136,0,4,192,30,14,0,384,0,0,384
205,564,216,0,16,120,136,0,4,194,30,14,0,384,0,0,384
208,564,216,0,16,120,136,0,4,196,30,14,0,384,0,0,384
211,564,216,0,16,120,136,0,4,196,28,16,0,384,0,0,384
214,560,216,0,20,120,136,0,4,192,26,22,0,384,0,0,384
217,564,216,0,20,120,136,0,4,192,28,22,0,384,0,0,384
219,564,220,0,24,120,136,0,4,190,26,26,0,384,0,0,384
222,564,216,0,24,120,132,4,4,190,24,28,0,384,0,0,384
225,564,216,0,24,120,112,24,4,190,24,28,0,384,0,0,384
228,564,212,0,24,120,108,28,4,190,22,30,0,384,0,0,384
231,564,212,0,24,120,108,28,4,188,24,30,0,384,0,0,384
234,552,224,0,24,120,100,36,4,184,26,32,0,384,0,0,384
236,532,244,0,24,120,76,60,4,180,30,32,0,384,0,0,384
239,520,256,0,24,116,68,72,4,174,34,34,0,384,0,0,384
242,504,272,0,24,116,48,92,4,174,34,34,0,384,0,0,384
245,508,276,0,32,116,48,92,4,172,36,34,0,384,0,0,384
248,492,288,0,40,116,44,96,4,172,32,38,2,384,0,0,384
251,492,292,0,40,116,44,96,4,172,32,40,2,384,0,0,384
254,492,292,0,40,116,44,96,4,172,32,40,2,384,0,0,384
257,492,292,0,40,112,48,96,4,172,32,40,2,384,0,0,384
259,492,280,12,40,112,48,96,4,170,32,42,2,384,0,0,384
262,484,288,12,40,96,64,96,4,170,32,42,2,384,0,0,384
265,484,288,12,40,96,64,96,4,170,30,44,2,384,0,0,384
268,484,288,12,40,96,64,96,4,168,32,44,2,384,0,0,384
271,484,288,12,44,96,60,100,4,168,32,44,2,384,0,0,384
274,484,292,12,44,96,48,112,4,168,30,46,2,384,0,0,384
277,484,276,20,48,96,48,112,4,166,30,48,2,384,0,0,384
280,472,284,20,48,96,32,128,4,166,28,50,2,384,0,0,384
283,480,304,20,76,96,28,132,4,160,34,50,2,384,0,0,384
286,476,308,20,76,88,36,132,4,158,32,52,2,384,0,0,384
290,476,308,20,76,88,36,132,4,158,32,52,2,384,0,0,384
293,484,300,28,84,88,36,132,4,158,26,58,2,384,0,0,384
296,488,272,56,92,88,36,132,4,158,22,62,2,384,0,0,384
299,484,264,76,92,88,36,132,4,158,16,68,2,384,0,0,384
302,476,244,104,92,80,44,132,4,154,20,68,2,384,0,0,384
305,472,248,108,100,80,40,136,4,150,22,70,2,384,0,0,384
308,460,244,124,100,72,48,136,4,144,28,70,2,384,0,0,384
311,448,244,132,100,68,52,136,4,136,36,70,2,384,0,0,384
314,424,264,132,100,68,52,136,4,136,36,70,2,384,0,0,384
317,408,276,132,100,60,60,136,4,132,40,70,2,384,0,0,384
320,408,264,132,100,60,60,136,4,132,40,70,2,384,0,0,384
323,408,248,132,100,60,60,136,4,130,42,70,2,384,0,0,384
327,388,264,132,100,56,64,136,4,128,42,72,2,384,0,0,384
330,376,268,132,100,56,64,136,4,126,42,74,2,384,0,0,384
333,368,276,132,100,56,64,136,4,124,44,74,2,384,0,0,384
336,360,276,132,100,56,64,136,4,124,44,74,2,384,0,0,384
339,360,272,136,100,56,64,136,4,124,40,78,2,384,0,0,384
342,356,264,148,100,56,64,136,4,120,44,78,2,384,0,0,384
345,348,252,168,100,56,64,136,4,118,40,84,2,384,0,0,384
348,340,244,184,100,56,64,136,4,118,40,84,2,384,0,0,384
351,332,244,192,100,56,64,136,4,118,40,84,2,384,0,0,384
354,316,260,192,100,56,64,136,4,116,42,84,2,384,0,0,384
357,300,276,192,100,56,64,136,4,114,44,84,2,384,0,0,384
360,300,268,200,100,56,64,136,4,114,40,88,2,384,0,0,384
363,288,280,200,100,52,64,140,4,114,34,94,2,384,0,0,384
366,288,280,200,100,52,64,140,4,108,38,96,2,384,0,0,384
369,284,284,200,100,52,64,140,4,108,32,102,2,384,0,0,384
372,284,280,204,100,52,64,140,4,102,30,110,2,384,0,0,384
376,280,284,204,100,52,64,140,4,96,36,110,2,384,0,0,384
379,280,284,204,100,52,60,144,4,96,36,110,2,384,0,0,384
381,280,288,204,104,52,60,144,4,96,36,110,2,384,0,0,384
384,276,292,204,108,52,44,160,4,96,32,114,2,384,0,0,384
387,268,304,204,108,52,44,160,4,96,32,114,2,384,0,0,384
390,272,304,204,132,52,44,160,4,96,30,116,2,384,0,0,384
393,292,304,204,132,52,44,160,4,96,28,118,2,384,0,0,384
396,292,304,204,132,52,44,160,4,96,28,118,2,384,0,0,384
400,292,304,204,132,52,44,160,4,96,28,118,2,384,0,0,384
403,292,304,204,132,52,40,164,4,96,24,122,2,384,0,0,384
406,292,304,204,132,52,36,168,4,96,24,122,2,384,0,0,384
409,292,288,220,132,52,36,168,4,96,20,126,2,384,0,0,384
412,292,276,232,144,52,36,168,4,96,18,128,2,384,0,0,384
415,288,288,232,144,44,44,168,4,94,20,128,2,384,0,0,384
418,284,284,236,144,40,40,176,4,94,20,128,2,384,0,0,384
421,272,272,252,144,40,40,176,4,94,20,128,2,384,0,0,384
424,272,264,260,152,36,44,176,4,92,22,128,2,384,0,0,384
427,260,264,264,152,36,44,176,4,88,22,132,2,384,0,0,384
430,248,276,264,152,28,40,188,4,82,26,134,2,384,0,0,384
434,232,292,264,152,28,36,192,4,80,24,138,2,384,0,0,384
437,240,304,264,172,24,36,196,4,78,22,142,2,384,0,0,384
440,236,308,264,180,20,36,200,4,78,18,146,2,384,0,0,384
443,244,296,272,180,20,36,200,4,78,18,146,2,384,0,0,384
446,244,292,272,184,20,36,200,4,78,18,146,2,384,0,0,384
449,240,296,272,184,16,40,200,4,72,24,146,2,384,0,0,384
452,240,296,272,184,4,52,200,4,66,30,146,2,384,0,0,384
455,240,296,272,184,4,52,200,4,64,32,146,2,384,0,0,384
458,236,292,272,184,0,56,200,4,64,32,146,2,384,0,0,384
461,232,288,280,184,0,56,200,4,64,32,146,2,384,0,0,384
464,232,288,280,184,0,56,200,4,56,40,146,2,384,0,0,384
467,232,272,280,184,0,56,200,4,56,40,146,2,384,0,0,384
470,216,276,280,184,0,56,200,4,56,40,146,2,384,0,0,384
473,216,276,280,184,0,56,200,4,52,44,146,2,384,8,0,384
476,216,276,280,184,0,56,200,4,52,42,148,2,384,8,0,384
480,216,264,288,184,0,56,200,4,50,44,148,2,384,8,0,384
483,216,248,304,184,0,56,200,4,50,38,154,2,376,16,0,384
485,212,244,312,184,0,52,204,4,48,36,158,2,384,16,0,384
489,196,240,332,184,0,52,204,4,48,34,160,2,384,16,0,384
492,188,240,340,184,0,52,204,4,48,34,160,2,384,16,0,384
495,188,228,352,184,0,52,204,4,42,36,164,2,384,16,0,384
498,168,240,360,184,0,52,204,4,42,36,164,2,384,16,0,384
501,164,244,360,184,0,52,204,4,42,36,164,2,384,16,0,384
504,164,236,368,184,0,52,204,4,40,38,164,2,384,8,0,384
507,164,232,372,184,0,52,204,4,40,38,164,2,384,8,0,384
510,148,228,392,184,0,52,204,4,40,36,166,2,384,8,0,384
513,128,248,392,184,0,52,204,4,40,30,172,2,384,8,0,384
516,108,264,396,184,0,52,204,4,34,30,178,2,384,0,0,384
519,100,260,408,184,0,52,204,4,28,36,178,2,376,8,0,384
523,96,264,408,184,0,52,204,4,28,36,178,2,384,24,0,384
526,96,248,424,184,0,52,204,4,28,28,186,2,384,24,0,384
529,96,232,440,184,0,52,204,4,28,28,186,2,384,24,0,384
532,88,220,460,184,0,52,204,4,28,28,186,2,360,48,0,384
535,80,224,464,184,0,52,204,4,24,32,186,2,392,48,0,384
538,68,232,468,184,0,44,212,4,24,28,190,2,384,56,0,384
542,68,232,468,184,0,36,220,4,24,26,192,2,384,56,0,384
545,68,228,472,184,0,36,220,4,24,26,192,2,384,56,0,384
549,44,248,476,184,0,32,224,4,18,30,194,2,384,56,0,384
552,44,248,476,184,0,28,228,4,18,28,196,2,384,40,0,384
555,44,248,476,184,0,28,228,4,18,24,200,2,384,32,0,384
558,32,260,476,184,0,28,228,4,10,32,200,2,384,32,0,384
561,20,272,476,184,0,20,236,4,4,38,200,2,384,32,0,384
565,16,276,476,184,0,20,236,4,0,40,202,2,384,32,0,384
568,16,276,476,184,0,20,236,4,0,40,202,2,384,0,0,384
572,12,280,476,184,0,8,248,4,0,40,202,2,360,24,0,384
575,0,292,476,184,0,4,252,4,0,40,202,2,344,40,0,384
579,0,292,476,184,0,4,252,4,0,28,214,2,336,48,0,384
582,0,292,476,184,0,0,256,4,0,28,214,2,328,56,0,384
586,0,292,476,184,0,0,256,4,0,28,214,2,328,56,0,384
590,0,292,476,184,0,0,256,4,0,28,214,2,328,56,0,384
593,0,292,476,184,0,0,256,4,0,28,214,2,328,56,0,384
596,0,284,484,184,0,0,256,4,0,28,214,2,320,64,0,384
599,0,284,484,184,0,0,256,4,0,24,218,2,312,72,0,384
602,0,280,488,184,0,0,256,4,0,24,218,2,312,72,0,384
606,0,252,516,184,0,0,256,4,0,24,218,2,312,72,0,384
609,0,252,516,184,0,0,256,4,0,18,224,2,280,104,0,384
612,0,244,524,184,0,0,256,4,0,18,224,2,264,120,0,384
616,0,244,524,184,0,0,256,4,0,18,224,2,264,120,0,384
619,0,244,524,184,0,0,256,4,0,16,226,2,264,120,0,384
622,0,244,524,184,0,0,256,4,0,0,242,2,264,120,0,384
625,0,244,524,184,0,0,256,4,0,0,242,2,256,128,0,384
629,0,244,524,184,0,0,256,4,0,0,242,2,256,128,0,384
632,0,240,528,184,0,0,256,4,0,0,242,2,256,128,0,384
635,0,240,528,184,0,0,256,4,0,0,242,2,248,136,0,384
638,0,240,528,184,0,0,256,4,0,0,242,2,248,136,0,384
642,0,236,532,184,0,0,256,4,0,0,242,2,248,136,0,384
645,0,232,536,184,0,0,256,4,0,0,242,2,240,144,0,384
648,0,232,536,184,0,0,256,4,0,0,242,2,240,144,0,384
651,0,216,552,184,0,0,256,4,0,0,242,2,240,144,0,384
654,0,216,552,184,0,0,256,4,0,0,242,2,224,160,0,384
657,0,216,552,184,0,0,256,4,0,0,242,2,224,160,0,384
661,0,216,552,184,0,0,256,4,0,0,242,2,224,160,0,384
664,0,216,552,184,0,0,256,4,0,0,242,2,224,160,0,384
667,0,204,564,184,0,0,256,4,0,0,242,2,224,160,0,384
671,0,188,580,184,0,0,256,4,0,0,242,2,192,192,0,384
675,0,188,580,184,0,0,256,4,0,0,242,2,192,192,0,384
678,0,188,580,184,0,0,256,4,0,0,242,2,192,192,0,384
682,0,168,600,184,0,0,256,4,0,0,242,2,176,208,0,384
686,0,164,604,184,0,0,256,4,0,0,242,2,168,216,0,384
689,0,160,608,184,0,0,256,4,0,0,242,2,168,216,0,384
692,0,132,636,184,0,0,256,4,0,0,242,2,168,216,0,384
696,0,116,652,184,0,0,256,4,0,0,242,2,152,232,0,384
699,0,108,660,184,0,0,256,4,0,0,242,2,136,248,0,384
702,0,100,668,184,0,0,256,4,0,0,242,2,112,272,0,384
705,0,96,672,184,0,0,256,4,0,0,242,2,104,280,0,384
709,0,96,672,184,0,0,256,4,0,0,242,2,104,280,0,384
712,0,96,672,184,0,0,256,4,0,0,242,2,96,288,0,384
715,0,84,684,184,0,0,256,4,0,0,242,2,96,288,0,384
719,0,68,700,184,0,0,256,4,0,0,242,2,96,288,0,384
723,0,68,700,184,0,0,256,4,0,0,242,2,72,312,0,384
726,0,68,700,184,0,0,256,4,0,0,242,2,72,312,0,384
730,0,44,724,184,0,0,256,4,0,0,242,2,72,312,0,384
733,0,44,724,184,0,0,256,4,0,0,242,2,56,328,0,384
736,0,44,724,184,0,0,256,4,0,0,242,2,48,336,0,384
739,0,28,740,184,0,0,256,4,0,0,242,2,48,336,0,384
743,0,20,748,184,0,0,256,4,0,0,242,2,48,336,0,384
747,0,16,752,184,0,0,256,4,0,0,242,2,24,360,0,384
750,0,16,752,184,0,0,256,4,0,0,242,2,24,360,0,384
753,0,0,768,184,0,0,256,4,0,0,242,2,24,360,0,384
757,0,0,768,184,0,0,256,4,0,0,242,2,0,384,0,384
760,0,0,768,184,0,0,256,4,0,0,242,2,0,384,0,384
763,0,0,768,184,0,0,256,4,0,0,242,2,0,384,0,384
767,0,0,768,184,0,0,256,4,0,0,242,2,0,384,0,384
771,0,0,768,184,0,0,256,4,0,0,242,2,0,384,0,384
774,0,0,768,184,0,0,256,4,0,0,242,2,0,384,0,384
778,0,0,768,184,0,0,256,4,0,0,242,2,0,384,0,384
781,0,0,768,184,0,0,256,4,0,0,242,2,0,384,0,384
784,0,0,768,184,0,0,256,4,0,0,242,2,0,384,0,384
788,0,0,768,184,0,0,256,4,0,0,242,2,0,384,0,384
791,0,0,768,184,0,0,256,4,0,0,242,2,0,384,0,384
794,0,0,768,184,0,0,256,4,0,0,242,2,0,384,0,384
797,0,0,768,184,0,0,256,4,0,0,242,2,0,384,0,384
801,0,0,768,184,0,0,256,4,0,0,242,2,0,384,0,384
804,0,0,768,184,0,0,256,4,0,0,242,2,0,384,0,384
807,0,0,768,184,0,0,256,4,0,0,242,2,0,384,0,384
810,0,0,768,184,0,0,256,4,0,0,242,2,0,384,0,384
813,0,0,768,184,0,0,256,4,0,0,242,2,0,384,0,384
817,0,0,768,184,0,0,256,4,0,0,242,2,0,384,0,384
820,0,0,768,184,0,0,256,4,0,0,242,2,0,384,0,384
824,0,0,768,184,0,0,256,4,0,0,242,2,0,384,0,384
827,0,0,768,184,0,0,256,4,0,0,242,2,0,384,0,384
831,0,0,768,184,0,0,256,4,0,0,242,2,0,384,0,384
835,0,0,768,184,0,0,256,4,0,0,242,2,0,384,0,384
838,0,0,768,184,0,0,256,4,0,0,242,2,0,384,0,384
842,0,0,768,184,0,0,256,4,0,0,242,2,0,384,0,384
845,0,0,768,184,0,0,256,4,0,0,242,2,0,384,0,384
849,0,0,768,184,0,0,256,4,0,0,242,2,0,384,0,384
852,0,0,768,184,0,0,256,4,0,0,242,2,0,384,0,384
855,0,0,768,184,0,0,256,4,0,0,242,2,0,384,0,384
859,0,0,768,184,0,0,256,4,0,0,242,2,0,384,0,384
863,0,0,768,184,0,0,256,4,0,0,242,2,0,384,0,384
867,0,0,768,184,0,0,256,4,0,0,242,2,0,384,0,384
870,0,0,768,184,0,0,256,4,0,0,242,2,0,384,0,384
874,0,0,768,184,0,0,256,4,0,0,242,2,0,384,0,384
877,0,0,768,184,0,0,256,4,0,0,242,2,0,384,0,384
880,0,0,768,184,0,0,256,4,0,0,242,2,0,384,0,384
883,0,0,768,184,0,0,256,4,0,0,242,2,0,384,0,384
887,0,0,768,184,0,0,256,4,0,0,242,2,0,384,0,384
890,0,0,768,184,0,0,256,4,0,0,242,2,0,384,0,384
894,0,0,768,184,0,0,256,4,0,0,242,2,0,384,0,384
897,0,0,768,184,0,0,256,4,0,0,242,2,0,384,0,384
900,0,0,768,184,0,0,256,4,0,0,242,2,0,384,0,384
904,0,0,768,184,0,0,256,4,0,0,242,2,0,384,0,384
907,0,0,768,184,0,0,256,4,0,0,242,2,0,384,0,384
910,0,0,768,184,0,0,256,4,0,0,242,2,0,384,0,384
913,0,0,768,184,0,0,256,4,0,0,242,2,0,384,0,384
917,0,0,768,184,0,0,256,4,0,0,242,2,0,384,0,384
920,0,0,768,184,0,0,256,4,0,0,242,2,0,384,0,384
924,0,0,768,184,0,0,256,4,0,0,242,2,0,384,0,384
927,0,0,768,184,0,0,256,4,0,0,242,2,0,384,0,384
931,0,0,768,184,0,0,256,4,0,0,242,2,0,384,0,384
934,0,0,768,184,0,0,256,4,0,0,242,2,0,360,24,384
937,0,0,768,184,0,0,256,4,0,0,242,2,0,344,40,384
940,0,0,768,184,0,0,256,4,0,0,242,2,0,336,48,384
944,0,0,768,184,0,0,256,4,0,0,242,2,0,328,56,384
948,0,0,768,184,0,0,256,4,0,0,242,2,0,328,56,384
951,0,0,768,184,0,0,256,4,0,0,242,2,0,328,56,384
955,0,0,768,184,0,0,256,4,0,0,242,2,0,328,56,384
958,0,0,768,184,0,0,256,4,0,0,242,2,0,320,64,384
962,0,0,768,184,0,0,256,4,0,0,242,2,0,312,72,384
965,0,0,768,184,0,0,256,4,0,0,242,2,0,312,72,384
968,0,0,768,184,0,0,256,4,0,0,242,2,0,280,104,384
972,0,0,768,184,0,0,256,4,0,0,242,2,0,280,104,384
975,0,0,768,184,0,0,256,4,0,0,242,2,0,264,120,384
979,0,0,768,184,0,0,256,4,0,0,242,2,0,264,120,384
982,0,0,768,184,0,0,256,4,0,0,242,2,0,264,120,384
986,0,0,768,184,0,0,256,4,0,0,242,2,0,256,128,384
989,0,0,768,184,0,0,256,4,0,0,242,2,0,256,128,384
992,0,0,768,184,0,0,256,4,0,0,242,2,0,256,128,384
996,0,0,768,184,0,0,256,4,0,0,242,2,0,248,136,384
999,0,0,768,184,0,0,256,4,0,0,242,2,0,248,136,384
1003,0,0,768,184,0,0,256,4,0,0,242,2,0,248,136,384
1007,0,0,768,184,0,0,256,4,0,0,242,2,0,240,144,384
1011,0,0,768,184,0,0,256,4,0,0,242,2,0,240,144,384
1015,0,0,768,184,0,0,256,4,0,0,242,2,0,232,152,384
1018,0,0,768,184,0,0,256,4,0,0,242,2,0,224,160,384
1021,0,0,768,184,0,0,256,4,0,0,242,2,0,224,160,384
1025,0,0,768,184,0,0,256,4,0,0,242,2,0,224,160,384
1028,0,0,768,184,0,0,256,4,0,0,242,2,0,224,160,384
1032,0,0,768,184,0,0,256,4,0,0,242,2,0,200,184,384
1035,0,0,768,184,0,0,256,4,0,0,242,2,0,192,192,384
1039,0,0,768,184,0,0,256,4,0,0,242,2,0,192,192,384
1042,0,0,768,184,0,0,256,4,0,0,242,2,0,176,208,384
1046,0,0,768,184,0,0,256,4,0,0,242,2,0,168,216,384
1049,0,0,768,184,0,0,256,4,0,0,242,2,0,168,216,384
1052,0,0,768,184,0,0,256,4,0,0,242,2,0,168,216,384
1056,0,0,768,184,0,0,256,4,0,0,242,2,0,152,232,384
1060,0,0,768,184,0,0,256,4,0,0,242,2,0,144,240,384
1063,0,0,768,184,0,0,256,4,0,0,242,2,0,112,272,384
1067,0,0,768,184,0,0,256,4,0,0,242,2,0,104,280,384
1070,0,0,768,184,0,0,256,4,0,0,242,2,0,104,280,384
1073,0,0,768,184,0,0,256,4,0,0,242,2,0,96,288,384
1077,0,0,768,184,0,0,256,4,0,0,242,2,0,96,288,384
1081,0,0,768,184,0,0,256,4,0,0,242,2,0,96,288,384
1084,0,0,768,184,0,0,256,4,0,0,242,2,0,72,312,384
1088,0,0,768,184,0,0,256,4,0,0,242,2,0,72,312,384
1091,0,0,768,184,0,0,256,4,0,0,242,2,0,72,312,384
1095,0,0,768,184,0,0,256,4,0,0,242,2,0,56,328,384
1098,0,0,768,184,0,0,256,4,0,0,242,2,0,48,336,384
1101,0,0,768,184,0,0,256,4,0,0,242,2,0,48,336,384
1105,0,0,768,184,0,0,256,4,0,0,242,2,0,48,336,384
1108,0,0,768,184,0,0,256,4,0,0,242,2,0,24,360,384
1112,0,0,768,184,0,0,256,4,0,0,242,2,0,24,360,384
1115,0,0,768,184,0,0,256,4,0,0,242,2,0,24,360,384
1119,0,0,768,184,0,0,256,4,0,0,242,2,0,0,384,384
