timestamp,tenant2_pending,tenant2_running,tenant2_completed,tenant2_preempted
1,0,0,0,0
2,0,0,0,0
3,0,0,0,0
4,0,0,0,0
5,0,0,0,0
6,0,0,0,0
7,0,0,0,0
8,0,0,0,0
10,0,0,0,0
11,0,0,0,0
12,0,0,0,0
13,0,0,0,0
14,0,0,0,0
15,0,0,0,0
16,0,0,0,0
17,0,0,0,0
19,0,0,0,0
20,0,0,0,0
21,0,0,0,0
22,0,0,0,0
23,0,0,0,0
24,0,0,0,0
25,0,0,0,0
27,0,0,0,0
28,0,0,0,0
29,0,0,0,0
30,0,0,0,0
31,56,0,0,0
32,100,0,0,0
34,128,0,0,0
35,116,12,0,0
36,96,32,0,0
37,56,72,0,0
39,20,108,0,0
40,0,128,0,0
41,0,128,0,0
42,0,128,0,0
44,0,128,0,0
45,0,128,0,0
46,0,128,0,0
47,0,128,0,0
49,0,128,0,0
50,0,128,0,0
51,0,128,0,0
52,0,128,0,0
54,0,128,0,0
55,0,128,0,0
56,0,128,0,0
58,0,128,0,0
59,0,128,0,0
60,0,128,0,0
61,0,128,0,0
63,0,128,0,0
64,0,128,0,0
65,0,128,0,0
66,0,128,0,0
68,0,128,0,0
69,0,128,0,0
70,0,128,0,0
71,0,128,0,0
73,0,128,0,0
74,0,128,0,0
75,0,128,0,0
76,0,128,0,0
78,0,128,0,0
79,0,128,0,0
80,0,128,0,0
81,0,128,0,0
83,0,128,0,0
84,0,128,0,0
85,0,128,0,0
87,0,128,0,0
88,0,128,0,0
89,0,128,0,0
90,0,128,0,0
92,0,128,0,0
93,0,128,0,0
94,0,128,0,0
95,0,128,0,0
97,0,128,0,0
98,0,128,0,0
99,0,128,0,0
100,0,128,0,0
102,0,128,0,0
103,0,128,0,0
104,0,128,0,0
106,0,128,0,0
107,0,128,0,0
108,0,128,0,0
109,0,128,0,0
111,0,128,0,0
112,0,128,0,0
113,0,128,0,0
114,0,128,0,0
116,0,128,0,0
117,0,128,0,0
118,0,128,0,0
119,0,128,0,0
121,0,128,0,0
122,64,128,0,0
123,108,128,0,0
125,124,132,0,0
126,108,148,0,0
128,72,184,0,0
129,36,220,0,0
130,4,252,0,0
132,0,256,0,0
133,0,256,0,0
134,0,256,0,0
136,0,256,0,0
137,0,256,0,0
139,0,256,0,0
140,0,256,0,0
142,0,256,0,0
143,0,256,0,0
144,0,256,0,0
146,0,256,0,0
147,0,256,0,0
148,0,256,0,0
150,0,256,0,0
151,0,256,0,0
153,0,256,0,0
154,0,252,4,0
156,0,228,28,0
157,0,200,56,0
158,0,164,92,0
160,0,132,124,0
161,0,128,128,0
163,0,128,128,0
164,0,128,128,0
165,0,128,128,0
167,0,128,128,0
168,0,128,128,0
170,0,128,128,0
171,0,128,128,0
172,0,128,128,0
174,0,128,128,0
175,0,128,128,0
177,0,128,128,0
178,0,128,128,0
179,0,128,128,0
181,0,128,128,0
182,0,128,128,0
184,0,128,128,0
185,0,128,128,0
186,0,128,128,0
188,0,128,128,0
189,0,128,128,0
191,0,128,128,0
192,0,128,128,0
194,0,128,128,0
195,0,128,128,0
196,0,128,128,0
198,0,128,128,0
199,0,128,128,0
201,0,128,128,0
202,0,128,128,0
203,0,128,128,0
205,0,128,128,0
206,0,128,128,0
208,0,128,128,0
209,0,128,128,0
210,0,128,128,0
212,0,128,128,0
213,0,128,128,0
215,0,128,128,0
216,0,128,128,0
217,0,128,128,0
219,0,128,128,0
220,0,128,128,0
222,0,128,128,0
223,0,128,128,0
224,0,128,128,0
226,0,128,128,0
227,0,128,128,0
229,0,128,128,0
230,0,128,128,0
231,0,128,128,0
233,0,128,128,0
234,0,128,128,0
236,0,128,128,0
237,0,128,128,0
238,0,128,128,0
240,0,128,128,0
241,0,128,128,0
243,0,128,128,0
244,0,128,128,0
246,0,96,160,0
247,0,72,184,0
248,0,40,216,0
250,0,4,252,0
251,0,0,256,0
