,timestamp,tenant2_pending,tenant2_running,tenant2_completed,tenant2_preempted,all_running
0,0,0,0,0,0,0
1,1,0,0,0,0,0
2,2,0,0,0,0,0
3,3,0,0,0,0,0
4,4,0,0,0,0,0
5,5,0,0,0,0,0
6,7,0,0,0,0,0
7,8,0,0,0,0,0
8,9,0,0,0,0,0
9,10,0,0,0,0,0
10,11,0,0,0,0,0
11,12,0,0,0,0,0
12,13,0,0,0,0,0
13,14,0,0,0,0,0
14,16,0,0,0,0,0
15,17,0,0,0,0,0
16,18,0,0,0,0,0
17,19,0,0,0,0,0
18,20,0,0,0,0,0
19,21,0,0,0,0,0
20,22,0,0,0,0,0
21,23,0,0,0,0,0
22,25,0,0,0,0,0
23,26,0,0,0,0,0
24,27,0,0,0,0,0
25,28,0,0,0,0,0
26,29,0,0,0,0,0
27,30,64,0,0,0,0
28,32,104,0,0,0,0
29,33,128,0,0,0,0
30,34,104,24,0,0,24
31,35,92,36,0,0,36
32,37,68,60,0,0,60
33,38,32,96,0,0,96
34,39,8,120,0,0,120
35,41,0,128,0,0,128
36,42,0,128,0,0,128
37,43,0,128,0,0,128
38,44,0,128,0,0,128
39,46,0,128,0,0,128
40,47,0,128,0,0,128
41,48,0,128,0,0,128
42,49,0,128,0,0,128
43,51,0,128,0,0,128
44,52,0,128,0,0,128
45,53,0,128,0,0,128
46,54,0,128,0,0,128
47,56,0,128,0,0,128
48,57,0,128,0,0,128
49,58,0,128,0,0,128
50,60,0,128,0,0,128
51,61,0,128,0,0,128
52,62,0,128,0,0,128
53,63,0,128,0,0,128
54,65,0,128,0,0,128
55,66,0,128,0,0,128
56,67,0,128,0,0,128
57,69,0,128,0,0,128
58,70,0,128,0,0,128
59,71,0,128,0,0,128
60,72,0,128,0,0,128
61,74,0,128,0,0,128
62,75,0,128,0,0,128
63,76,0,128,0,0,128
64,77,0,128,0,0,128
65,79,0,128,0,0,128
66,80,0,128,0,0,128
67,81,0,128,0,0,128
68,83,0,128,0,0,128
69,84,0,128,0,0,128
70,85,0,128,0,0,128
71,86,0,128,0,0,128
72,88,0,128,0,0,128
73,89,0,128,0,0,128
74,90,0,128,0,0,128
75,91,0,128,0,0,128
76,93,0,128,0,0,128
77,94,0,128,0,0,128
78,95,0,128,0,0,128
79,97,0,128,0,0,128
80,98,0,128,0,0,128
81,99,0,128,0,0,128
82,100,0,128,0,0,128
83,102,0,128,0,0,128
84,103,0,128,0,0,128
85,104,0,128,0,0,128
86,105,0,128,0,0,128
87,107,0,128,0,0,128
88,108,0,128,0,0,128
89,109,0,128,0,0,128
90,111,0,128,0,0,128
91,112,0,128,0,0,128
92,113,0,128,0,0,128
93,114,0,128,0,0,128
94,116,0,128,0,0,128
95,117,0,128,0,0,128
96,118,0,128,0,0,128
97,119,0,128,0,0,128
98,121,60,128,0,0,128
99,122,104,128,0,0,128
100,124,124,132,0,0,132
101,125,116,140,0,0,140
102,126,84,172,0,0,172
103,128,52,204,0,0,204
104,129,8,248,0,0,248
105,131,0,256,0,0,256
106,132,0,256,0,0,256
107,133,0,256,0,0,256
108,135,0,256,0,0,256
109,136,0,256,0,0,256
110,138,0,256,0,0,256
111,139,0,256,0,0,256
112,141,0,256,0,0,256
113,142,0,256,0,0,256
114,143,0,256,0,0,256
115,145,0,256,0,0,256
116,146,0,256,0,0,256
117,148,0,256,0,0,256
118,149,0,256,0,0,256
119,150,0,256,0,0,256
120,152,0,256,0,0,256
121,153,0,252,4,0,252
122,155,0,224,32,0,224
123,156,0,192,64,0,192
124,158,0,152,104,0,152
125,159,0,128,128,0,128
126,160,0,128,128,0,128
127,162,0,128,128,0,128
128,163,0,128,128,0,128
129,165,0,128,128,0,128
130,166,0,128,128,0,128
131,168,0,128,128,0,128
132,169,0,128,128,0,128
133,170,0,128,128,0,128
134,172,0,128,128,0,128
135,173,0,128,128,0,128
136,175,0,128,128,0,128
137,176,0,128,128,0,128
138,178,0,128,128,0,128
139,179,0,128,128,0,128
140,181,0,128,128,0,128
141,182,0,128,128,0,128
142,183,0,128,128,0,128
143,185,0,128,128,0,128
144,186,0,128,128,0,128
145,188,0,128,128,0,128
146,189,0,128,128,0,128
147,191,0,128,128,0,128
148,192,0,128,128,0,128
149,193,0,128,128,0,128
150,195,0,128,128,0,128
151,196,0,128,128,0,128
152,198,0,128,128,0,128
153,199,0,128,128,0,128
154,201,0,128,128,0,128
155,202,0,128,128,0,128
156,203,0,128,128,0,128
157,205,0,128,128,0,128
158,206,0,128,128,0,128
159,208,0,128,128,0,128
160,209,0,128,128,0,128
161,211,0,128,128,0,128
162,212,0,128,128,0,128
163,214,0,128,128,0,128
164,215,0,128,128,0,128
165,216,0,128,128,0,128
166,218,0,128,128,0,128
167,219,0,128,128,0,128
168,221,0,128,128,0,128
169,222,0,128,128,0,128
170,224,0,128,128,0,128
171,225,0,128,128,0,128
172,226,0,128,128,0,128
173,228,0,128,128,0,128
174,229,0,128,128,0,128
175,231,0,128,128,0,128
176,232,0,128,128,0,128
177,233,0,128,128,0,128
178,235,0,128,128,0,128
179,236,0,128,128,0,128
180,238,0,128,128,0,128
181,239,0,128,128,0,128
182,241,0,128,128,0,128
183,242,0,128,128,0,128
184,244,0,128,128,0,128
185,245,0,104,152,0,104
186,246,0,72,184,0,72
187,248,0,40,216,0,40
188,249,0,0,256,0,0
