,timestamp,tenant1_pending,tenant1_running,tenant1_completed,tenant1_preempted,tenant2_pending,tenant2_running,tenant2_completed,tenant2_preempted,tenant3_pending,tenant3_running,tenant3_completed,tenant3_preempted,backfill_pending,backfill_running,backfill_completed,backfill_preempted,all_running
0,0,0,0,0,0,0,0,0,0,0,0,0,0,0,0,0,0,0
1,1,0,0,0,0,0,0,0,0,0,0,0,0,160,0,0,0,0
2,2,0,0,0,0,0,0,0,0,0,0,0,0,248,0,0,0,0
3,4,0,0,0,0,0,0,0,0,0,0,0,0,328,0,0,0,0
4,5,0,0,0,0,0,0,0,0,0,0,0,0,376,8,0,0,0
5,6,0,0,0,0,0,0,0,0,0,0,0,0,320,64,0,0,0
6,8,0,0,0,0,0,0,0,0,0,0,0,0,280,104,0,0,0
7,9,0,0,0,0,0,0,0,0,0,0,0,0,240,144,0,0,0
8,10,0,0,0,0,0,0,0,0,0,0,0,0,176,208,0,0,0
9,12,0,0,0,0,0,0,0,0,0,0,0,0,128,256,0,0,0
10,13,0,0,0,0,0,0,0,0,0,0,0,0,56,328,0,0,0
11,14,0,0,0,0,0,0,0,0,0,0,0,0,8,376,0,0,0
12,16,0,0,0,0,0,0,0,0,0,0,0,0,0,384,0,0,0
13,17,0,0,0,0,0,0,0,0,0,0,0,0,0,384,0,0,0
14,18,0,0,0,0,0,0,0,0,0,0,0,0,0,384,0,0,0
15,20,0,0,0,0,0,0,0,0,0,0,0,0,0,384,0,0,0
16,21,0,0,0,0,0,0,0,0,0,0,0,0,0,384,0,0,0
17,22,0,0,0,0,0,0,0,0,0,0,0,0,0,384,0,0,0
18,24,0,0,0,0,0,0,0,0,0,0,0,0,0,384,0,0,0
19,25,0,0,0,0,0,0,0,0,0,0,0,0,0,384,0,0,0
20,26,0,0,0,0,0,0,0,0,0,0,0,0,0,384,0,0,0
21,28,0,0,0,0,0,0,0,0,0,0,0,0,0,384,0,0,0
22,29,0,0,0,0,0,0,0,0,0,0,0,0,0,384,0,0,0
23,31,52,0,0,0,0,0,0,0,0,0,0,0,0,384,0,0,0
24,32,104,0,0,0,0,0,0,0,0,0,0,0,0,384,0,0,0
25,34,148,0,0,0,0,0,0,0,0,0,0,0,0,384,0,0,0
26,35,200,0,0,0,0,0,0,0,0,0,0,0,0,384,0,0,0
27,37,248,0,0,0,0,0,0,0,0,0,0,0,0,384,0,0,0
28,38,304,0,0,0,0,0,0,0,0,0,0,0,0,384,0,0,0
29,40,328,0,0,0,0,0,0,0,0,0,0,0,24,384,0,16,0
30,41,356,0,0,0,0,0,0,0,0,0,0,0,48,384,0,48,0
31,43,384,0,0,0,0,0,0,0,0,0,0,0,80,384,0,48,0
32,44,384,0,0,0,0,0,0,0,0,0,0,0,120,384,0,112,0
33,46,384,0,0,0,0,0,0,0,0,0,0,0,144,384,0,136,0
34,47,384,0,0,0,0,0,0,0,0,0,0,0,144,384,0,144,0
35,49,384,0,0,0,0,0,0,0,0,0,0,0,144,384,0,144,0
36,50,384,0,0,0,0,0,0,0,0,0,0,0,144,384,0,144,0
37,52,384,0,0,0,0,0,0,0,0,0,0,0,144,384,0,144,0
38,54,384,0,0,0,0,0,0,0,0,0,0,0,144,384,0,144,0
39,55,384,0,0,0,0,0,0,0,0,0,0,0,144,384,0,144,0
40,57,384,0,0,0,0,0,0,0,0,0,0,0,144,384,0,144,0
41,59,384,0,0,0,0,0,0,0,0,0,0,0,144,384,0,144,0
42,60,384,0,0,0,0,0,0,0,0,0,0,0,144,384,0,144,0
43,62,384,0,0,0,84,0,0,0,0,0,0,0,144,360,0,144,0
44,64,384,0,0,0,128,0,0,0,0,0,0,0,168,280,0,144,0
45,65,384,0,0,0,128,0,0,0,0,0,0,0,192,240,0,184,0
46,67,384,0,0,0,128,0,0,0,0,0,0,0,208,240,0,208,0
47,69,384,0,0,0,128,0,0,0,0,0,0,0,208,240,0,208,0
48,70,384,0,0,0,128,0,0,0,0,0,0,0,208,240,0,208,0
49,72,384,0,0,0,128,0,0,0,0,0,0,0,208,240,0,208,0
50,73,384,0,0,0,128,0,0,0,0,0,0,0,208,240,0,208,0
51,75,384,0,0,0,128,0,0,0,0,0,0,0,208,240,0,208,0
52,77,384,0,0,0,128,0,0,0,0,0,0,0,208,240,0,208,0
53,78,384,0,0,0,128,0,0,0,0,0,0,0,208,240,0,208,0
54,80,384,0,0,0,128,0,0,0,0,0,0,0,208,240,0,208,0
55,82,384,0,0,0,128,0,0,0,0,0,0,0,208,240,0,208,0
56,83,384,0,0,0,128,0,0,0,0,0,0,0,208,240,0,208,0
57,85,384,0,0,0,128,0,0,0,0,0,0,0,208,240,0,208,0
58,87,384,0,0,0,128,0,0,0,0,0,0,0,208,240,0,208,0
59,88,384,0,0,0,128,0,0,0,0,0,0,0,208,240,0,208,0
60,90,384,0,0,0,128,0,0,0,0,0,0,0,208,240,0,208,0
61,92,384,0,0,0,128,0,0,0,2,0,0,0,208,216,0,208,0
62,93,384,0,0,0,128,0,0,0,2,0,0,0,208,192,0,208,0
63,95,384,0,0,0,128,0,0,0,0,2,0,0,200,184,0,208,2
64,96,384,0,0,0,128,0,0,0,2,2,0,0,200,184,0,208,2
65,98,384,0,0,0,128,0,0,0,0,4,0,0,200,184,0,208,4
66,100,384,0,0,0,128,0,0,0,0,4,0,0,200,184,0,208,4
67,101,384,0,0,0,116,12,0,0,2,4,0,0,200,184,0,208,16
68,103,384,0,0,0,100,28,0,0,2,4,0,0,200,184,0,208,32
69,104,384,0,0,0,100,28,0,0,2,4,0,0,200,184,0,208,32
70,106,384,0,0,0,92,36,0,0,4,4,0,0,200,184,0,208,40
71,108,364,20,0,0,88,40,0,0,4,4,0,0,200,184,0,208,64
72,109,320,64,0,0,84,44,0,0,4,4,0,0,200,184,0,208,112
73,111,280,104,0,0,80,48,0,0,4,6,0,0,200,184,0,208,158
74,113,260,124,0,0,64,64,0,0,2,8,0,0,208,184,0,208,196
75,114,256,128,0,0,64,64,0,0,2,8,0,0,208,184,0,208,200
76,116,256,128,0,0,64,64,0,0,4,8,0,0,208,184,0,208,200
77,117,256,128,0,0,64,64,0,0,4,8,0,0,208,184,0,208,200
78,119,256,128,0,0,64,64,0,0,4,8,0,0,208,184,0,208,200
79,121,256,128,0,0,64,64,0,0,4,8,0,0,208,184,0,208,200
80,123,304,128,0,0,64,64,0,0,6,8,0,0,208,184,0,208,200
81,124,360,128,0,0,64,64,0,0,6,8,0,0,208,184,0,208,200
82,126,420,128,0,0,64,64,0,0,6,8,0,0,208,184,0,208,200
83,128,472,128,0,0,64,64,0,0,6,8,0,0,208,184,0,208,200
84,130,528,128,0,0,64,64,0,0,6,8,0,0,208,184,0,208,200
85,131,584,128,0,0,64,64,0,0,6,8,0,0,208,184,0,208,200
86,133,640,128,0,0,64,64,0,0,6,8,0,0,208,184,0,208,200
87,135,640,128,0,0,64,64,0,0,8,8,0,0,208,184,0,208,200
88,137,640,128,0,0,64,64,0,0,8,8,0,0,208,184,0,208,200
89,139,640,128,0,0,64,64,0,0,10,8,0,0,208,184,0,208,200
90,140,640,128,0,0,64,64,0,0,10,8,0,0,208,184,0,208,200
91,142,640,128,0,0,64,64,0,0,12,8,0,0,216,176,0,208,200
92,144,640,128,0,0,64,64,0,0,12,10,0,0,216,176,0,216,202
93,146,640,128,0,0,64,64,0,0,6,16,0,0,216,176,0,216,208
94,148,640,128,0,0,64,64,0,0,8,16,0,0,216,176,0,216,208
95,149,640,128,0,0,64,64,0,0,8,16,0,0,216,176,0,216,208
96,151,640,128,0,0,68,64,0,0,10,16,0,0,216,176,0,216,208
97,153,640,128,0,0,128,64,0,0,10,16,0,0,216,176,0,216,208
98,155,640,128,0,0,188,64,0,0,10,16,0,0,216,176,0,216,208
99,157,640,128,0,0,192,64,0,0,10,16,0,0,224,176,0,224,208
100,159,640,128,0,0,192,64,0,0,12,14,2,0,224,176,0,232,206
101,160,640,128,0,0,192,64,0,0,12,12,4,0,232,176,0,232,204
102,162,640,128,0,0,192,64,0,0,12,14,4,0,232,176,0,232,206
103,164,640,128,0,0,192,64,0,0,10,16,4,0,232,176,0,232,208
104,166,640,128,0,0,192,64,0,0,10,14,6,0,232,176,0,232,206
105,168,640,128,0,0,192,64,0,0,10,16,6,0,232,176,0,232,208
106,170,640,128,0,0,192,64,0,0,10,14,8,0,232,168,0,232,206
107,172,640,128,0,0,192,64,0,0,12,14,8,0,232,168,0,232,206
108,174,640,128,0,0,192,64,0,0,4,22,8,0,232,168,0,232,214
109,176,640,128,0,0,192,64,0,0,4,22,8,0,232,168,0,232,214
110,178,640,128,0,0,192,64,0,0,4,24,8,0,232,168,0,232,216
111,180,640,128,0,0,192,64,0,0,4,24,8,0,232,168,0,232,216
112,182,640,128,0,0,192,64,0,0,20,24,8,0,232,168,0,232,216
113,184,640,128,0,0,192,64,0,0,46,24,8,0,232,160,0,232,216
114,186,640,128,0,0,192,64,0,0,70,32,8,0,232,160,0,232,224
115,188,640,128,0,0,192,64,0,0,96,32,8,0,232,160,0,232,224
116,190,640,128,0,0,192,64,0,0,128,32,8,0,232,152,0,232,224
117,192,640,128,0,0,192,64,0,0,158,32,8,0,224,160,0,232,224
118,194,640,128,0,0,192,64,0,0,184,32,8,0,224,160,0,232,224
119,196,640,128,0,0,192,64,0,0,190,32,8,0,224,160,0,232,224
120,198,640,128,0,0,192,64,0,0,190,32,8,0,224,160,0,232,224
121,200,640,128,0,0,192,64,0,0,192,32,8,0,224,160,0,232,224
122,202,640,128,0,0,192,64,0,0,192,32,8,0,224,160,0,232,224
123,204,640,128,0,0,192,64,0,0,194,32,8,0,224,160,0,232,224
124,206,640,128,0,0,192,64,0,0,198,28,12,0,224,160,0,232,220
125,208,640,128,0,0,192,64,0,0,196,26,16,0,224,160,0,232,218
126,210,640,128,0,0,192,64,0,0,192,32,16,0,224,160,0,232,224
127,212,640,128,0,0,192,64,0,0,192,32,16,0,224,160,0,232,224
128,214,640,128,0,0,192,64,0,0,194,32,16,0,224,160,0,232,224
129,216,640,128,0,0,192,64,0,0,194,32,16,0,224,160,0,232,224
130,218,640,128,0,0,192,64,0,0,194,32,16,0,224,160,0,232,224
131,220,640,128,0,0,192,64,0,0,194,32,16,0,224,160,0,232,224
132,222,640,128,0,0,192,64,0,0,194,32,16,0,224,160,0,232,224
133,225,640,128,0,0,192,28,36,0,194,30,18,0,224,160,0,232,186
134,227,640,128,0,0,192,28,36,0,192,30,20,0,224,160,0,232,186
135,229,640,128,0,0,192,8,56,0,192,30,20,0,208,176,0,232,166
136,231,640,128,0,0,192,0,64,0,190,30,22,0,192,192,0,232,158
137,233,640,128,0,0,192,0,64,0,190,30,22,0,192,192,0,232,158
138,235,640,128,0,0,192,0,64,0,190,22,30,0,176,208,0,232,150
139,237,640,128,0,0,192,0,64,0,190,22,30,0,176,208,0,232,150
140,240,640,128,0,0,192,0,64,0,190,22,30,0,160,224,0,232,150
141,242,640,128,0,0,192,0,64,0,190,20,32,0,160,224,0,232,148
142,244,640,128,0,0,192,0,64,0,188,22,32,0,160,224,0,232,150
143,246,640,128,0,0,192,0,64,0,178,32,32,0,160,224,0,232,160
144,248,640,128,0,0,192,0,64,0,178,24,40,0,160,224,0,232,152
145,250,640,128,0,0,192,0,64,0,176,24,40,0,160,224,0,232,152
146,252,640,128,0,0,192,0,64,0,176,26,40,0,160,224,0,232,154
147,255,640,128,0,0,192,0,64,0,174,26,40,0,160,224,0,232,154
148,257,640,128,0,0,192,0,64,0,170,32,40,0,160,224,0,232,160
149,259,640,128,0,0,192,0,64,0,170,32,40,0,160,224,0,232,160
150,261,640,128,0,0,192,0,64,0,170,32,40,0,160,224,0,232,160
151,263,640,128,0,0,192,0,64,0,170,32,40,0,160,224,0,232,160
152,265,640,128,0,0,192,0,64,0,170,32,40,0,160,224,0,232,160
153,267,640,128,0,0,192,0,64,0,170,32,40,0,160,224,0,232,160
154,270,640,128,0,0,192,0,64,0,170,28,44,0,160,224,0,232,156
155,272,640,128,0,0,192,0,64,0,170,24,48,0,160,224,0,232,152
156,274,640,128,0,0,192,0,64,0,170,24,48,0,160,224,0,232,152
157,276,640,128,0,0,192,0,64,0,170,24,48,0,160,224,0,232,152
158,278,640,128,0,0,192,0,64,0,170,24,48,0,160,224,0,232,152
159,281,640,128,0,0,192,0,64,0,170,24,48,0,160,224,0,232,152
160,283,640,128,0,0,192,0,64,0,170,24,48,0,152,232,0,232,152
161,285,640,128,0,0,184,0,64,0,170,24,48,0,152,232,0,232,152
162,287,640,112,16,0,192,0,64,0,170,24,48,0,160,232,0,232,136
163,289,640,68,60,0,192,0,64,0,170,24,48,0,176,232,0,232,92
164,291,640,40,88,0,192,0,64,0,170,22,50,0,208,232,0,232,62
165,293,640,8,120,0,192,0,64,0,170,20,52,0,208,232,0,232,28
166,295,640,0,128,0,188,4,64,0,170,20,52,0,208,232,0,232,24
167,298,640,0,128,0,156,36,64,0,170,20,52,0,168,272,0,232,56
168,300,640,0,128,0,128,64,64,0,170,20,52,0,160,280,0,232,84
169,302,640,0,128,0,128,64,64,0,170,20,52,0,152,288,0,232,84
170,304,640,0,128,0,128,64,64,0,170,20,52,0,152,288,0,232,84
171,307,640,0,128,0,128,64,64,0,170,14,58,0,152,288,0,232,78
172,309,640,0,128,0,128,64,64,0,170,8,64,0,152,288,0,232,72
173,311,620,20,128,0,128,64,64,0,170,8,64,0,152,288,0,232,92
174,314,620,20,128,0,128,64,64,0,170,8,64,0,152,288,0,232,92
175,316,620,20,128,0,128,64,64,0,170,6,66,0,152,288,0,232,90
176,318,620,20,128,0,128,64,64,0,170,2,70,0,152,232,0,232,86
177,321,620,20,128,0,128,64,64,0,170,0,72,0,152,232,0,232,84
178,323,620,20,128,0,128,64,64,0,168,0,72,0,88,296,0,232,84
179,325,620,20,128,0,128,64,64,0,168,2,72,0,88,296,0,232,86
180,328,620,20,128,0,128,64,64,0,168,2,72,0,88,296,0,232,86
181,330,596,20,128,0,128,64,64,0,168,2,72,0,88,296,0,232,86
182,332,616,20,128,0,128,64,64,0,168,2,72,0,120,296,0,232,86
183,334,620,20,128,0,128,64,64,0,168,2,72,0,160,296,0,232,86
184,337,620,20,128,0,128,64,64,0,160,2,72,0,200,296,0,232,86
185,339,620,20,128,0,128,64,64,0,168,2,72,0,224,296,0,232,86
186,342,620,20,128,0,128,64,64,0,168,2,72,0,224,296,0,232,86
187,344,620,20,128,0,128,64,64,0,168,2,72,0,224,296,0,232,86
188,346,620,20,128,0,128,64,64,0,168,2,72,0,224,296,0,232,86
189,349,620,20,128,0,128,64,64,0,168,2,72,0,224,296,0,232,86
190,351,620,20,128,0,128,64,64,0,168,2,72,0,224,296,0,232,86
191,354,620,20,128,0,128,64,64,0,168,2,72,0,224,296,0,232,86
192,356,620,20,128,0,128,64,64,0,168,2,72,0,224,296,0,232,86
193,359,620,20,128,0,128,64,64,0,168,2,72,0,224,296,0,232,86
194,362,620,20,128,0,128,64,64,0,168,2,72,0,224,280,0,232,86
195,364,620,20,128,0,128,64,64,0,168,2,72,0,224,200,0,232,86
196,367,620,20,128,0,128,64,64,0,168,2,72,0,224,152,40,232,86
197,369,620,20,128,0,128,64,64,0,168,2,72,0,224,80,104,232,86
198,372,620,20,128,0,128,64,64,0,168,2,72,0,224,64,120,232,86
199,374,620,20,128,0,128,64,64,0,168,2,72,0,224,8,152,232,86
200,376,604,36,128,0,128,64,64,0,166,4,72,0,224,8,152,232,104
201,379,580,60,128,0,128,64,64,0,162,8,72,0,200,32,152,232,132
202,381,560,80,128,0,128,64,64,0,156,14,72,0,168,64,152,232,158
203,383,552,88,128,0,128,64,64,0,148,22,72,0,136,96,152,232,174
204,385,524,116,128,0,128,64,64,0,146,24,72,0,96,136,152,232,204
205,388,512,128,128,0,128,64,64,0,138,30,74,0,88,144,152,232,222
206,390,512,128,128,0,128,64,64,0,138,30,74,0,72,160,152,232,222
207,393,512,128,128,0,128,64,64,0,138,30,74,0,72,160,152,232,222
208,395,512,128,128,0,128,64,64,0,138,30,74,0,72,160,152,232,222
209,397,512,128,128,0,128,64,64,0,138,30,74,0,72,160,152,232,222
210,400,512,128,128,0,128,64,64,0,138,30,74,0,72,160,152,232,222
211,402,512,128,128,0,128,64,64,0,138,30,74,0,72,160,152,232,222
212,404,512,128,128,0,128,64,64,0,138,30,74,0,72,160,152,232,222
213,407,512,128,128,0,128,64,64,0,138,30,74,0,72,160,152,232,222
214,409,512,128,128,0,128,64,64,0,138,30,74,0,72,160,152,232,222
215,411,512,128,128,0,128,60,68,0,138,30,74,0,72,160,152,232,218
216,414,512,128,128,0,128,56,72,0,138,30,74,0,72,160,152,232,214
217,416,512,128,128,0,128,4,124,0,138,30,74,0,72,160,152,232,162
218,418,512,128,128,0,128,0,128,0,138,30,74,0,72,160,152,232,158
219,421,512,128,128,0,128,0,128,0,138,30,74,0,64,168,152,232,158
220,423,512,128,128,0,128,0,128,0,138,30,74,0,16,216,152,232,158
221,426,512,128,128,0,128,0,128,0,138,30,74,0,16,216,152,232,158
222,428,512,128,128,0,128,0,128,0,138,30,74,0,16,216,152,232,158
223,431,512,128,128,0,128,0,128,0,138,30,74,0,16,216,152,232,158
224,433,512,128,128,0,128,0,128,0,138,24,80,0,16,216,152,232,152
225,436,512,128,128,0,128,0,128,0,138,8,96,0,16,216,152,232,136
226,438,512,128,128,0,128,0,128,0,138,8,96,0,16,216,152,232,136
227,441,512,128,128,0,128,0,128,0,138,0,104,0,16,216,152,232,128
228,443,512,128,128,0,128,0,128,0,138,0,104,0,0,232,152,232,128
229,446,512,128,128,0,128,0,128,0,138,0,104,0,0,232,152,232,128
230,448,512,128,128,0,128,0,128,0,138,0,104,0,0,232,152,232,128
231,451,512,128,128,0,84,20,128,0,138,0,104,0,0,232,152,232,148
232,453,512,128,128,0,104,24,128,0,138,0,104,0,48,232,152,232,152
233,456,512,128,128,0,104,24,128,0,138,0,104,0,48,232,152,232,152
234,458,512,128,128,0,104,24,128,0,138,0,104,0,48,232,152,232,152
235,460,512,128,128,0,104,24,128,0,138,0,104,0,48,232,152,232,152
236,463,512,128,128,0,104,24,128,0,138,0,104,0,48,232,152,232,152
237,465,512,128,128,0,104,24,128,0,138,0,104,0,48,232,152,232,152
238,468,512,128,128,0,104,24,128,0,138,0,104,0,48,232,152,232,152
239,471,512,128,128,0,104,24,128,0,138,0,104,0,48,232,152,232,152
240,473,512,128,128,0,104,24,128,0,138,0,104,0,48,232,152,232,152
241,475,512,128,128,0,104,24,128,0,138,0,104,0,48,232,152,232,152
242,478,512,128,128,0,104,24,128,0,138,0,104,0,48,232,152,232,152
243,481,512,128,128,0,104,24,128,0,138,0,104,0,48,216,152,232,152
244,483,512,128,128,0,104,24,128,0,138,0,104,0,48,184,152,232,152
245,485,512,128,128,0,96,32,128,0,138,0,104,0,48,184,152,232,160
246,488,512,128,128,0,64,64,128,0,138,0,104,0,48,184,152,232,192
247,490,512,128,128,0,64,64,128,0,138,0,104,0,48,184,152,232,192
248,493,512,108,148,0,64,64,128,0,138,0,104,0,48,184,152,232,172
249,495,512,108,148,0,64,64,128,0,138,0,104,0,40,192,152,232,172
250,498,512,108,148,0,64,64,128,0,136,0,104,0,40,192,152,232,172
251,500,512,108,148,0,64,64,128,0,136,2,104,0,40,192,152,232,174
252,503,512,108,148,0,64,64,128,0,130,8,104,0,56,192,152,232,180
253,505,512,108,148,0,64,64,128,0,118,20,104,0,56,192,152,232,192
254,508,512,108,148,0,64,64,128,0,118,20,104,0,56,192,152,232,192
255,510,512,108,148,0,64,64,128,0,118,20,104,0,56,192,152,232,192
256,513,512,108,148,0,64,64,128,0,118,20,104,0,56,192,152,232,192
257,515,512,108,148,0,64,64,128,0,118,20,104,0,56,192,152,232,192
258,518,512,108,148,0,64,64,128,0,118,20,104,0,56,192,152,232,192
259,520,512,108,148,0,64,64,128,0,118,20,104,0,56,192,152,232,192
260,523,512,108,148,0,64,64,128,0,118,20,104,0,56,192,152,232,192
261,525,512,108,148,0,64,64,128,0,118,20,104,0,56,192,152,232,192
262,528,512,108,148,0,64,64,128,0,118,20,104,0,56,192,152,232,192
263,530,512,108,148,0,64,64,128,0,118,20,104,0,56,176,152,232,192
264,533,512,108,148,0,64,64,128,0,112,26,104,0,56,176,152,232,198
265,535,512,108,148,0,64,64,128,0,110,28,104,0,56,176,152,232,200
266,538,512,108,148,0,64,64,128,0,106,32,104,0,56,176,152,232,204
267,540,512,108,148,0,64,64,128,0,106,32,104,0,56,176,152,232,204
268,543,512,108,148,0,64,64,128,0,106,32,104,0,56,176,152,232,204
269,545,512,108,148,0,64,64,128,0,106,32,104,0,56,176,152,232,204
270,548,512,108,148,0,64,64,128,0,106,32,104,0,56,176,152,232,204
271,550,512,108,148,0,64,64,128,0,106,32,104,0,56,176,152,232,204
272,553,512,84,172,0,64,64,128,0,106,32,104,0,56,176,152,232,180
273,555,512,48,208,0,64,64,128,0,106,32,104,0,40,192,152,232,144
274,558,512,40,216,0,64,64,128,0,106,32,104,0,40,184,160,232,136
275,560,512,0,256,0,64,64,128,0,106,32,104,0,40,184,160,232,96
276,563,512,0,256,0,64,64,128,0,106,30,106,0,16,208,160,232,94
277,565,512,0,256,0,64,64,128,0,106,18,118,0,16,208,160,232,82
278,568,512,0,256,0,64,64,128,0,106,12,124,0,8,216,160,232,76
279,570,512,0,256,0,64,64,128,0,106,12,124,0,0,224,160,232,76
280,573,512,0,256,0,64,44,148,0,106,12,124,0,0,224,160,232,56
281,575,512,0,256,0,64,40,152,0,106,12,124,0,0,224,160,232,52
282,578,512,0,256,0,64,40,152,0,106,12,124,0,0,224,160,232,52
283,580,512,0,256,0,64,40,152,0,106,12,124,0,0,224,160,232,52
284,583,512,0,256,0,64,40,152,0,106,12,124,0,0,224,160,232,52
285,586,512,0,256,0,64,40,152,0,106,12,124,0,0,224,160,232,52
286,588,512,0,256,0,64,40,152,0,106,12,124,0,0,224,160,232,52
287,591,512,0,256,0,64,40,152,0,106,12,124,0,0,224,160,232,52
288,594,512,0,256,0,64,40,152,0,106,12,124,0,0,224,160,232,52
289,596,512,0,256,0,64,40,152,0,106,4,132,0,0,224,160,232,44
290,599,512,0,256,0,64,40,152,0,106,0,136,0,0,224,160,232,40
291,602,512,0,256,0,64,40,152,0,106,0,136,0,0,224,160,232,40
292,604,512,0,256,0,64,40,152,0,106,0,136,0,0,224,160,232,40
293,607,512,0,256,0,64,32,160,0,106,0,136,0,0,224,160,232,32
294,610,512,0,256,0,64,0,192,0,106,0,136,0,0,224,160,232,0
295,612,512,0,256,0,64,0,192,0,106,0,136,0,0,224,160,232,0
296,615,512,0,256,0,64,0,192,0,106,0,136,0,0,224,160,232,0
297,617,512,0,256,0,64,0,192,0,106,0,136,0,0,224,160,232,0
298,620,512,0,256,0,64,0,192,0,106,0,136,0,0,224,160,232,0
299,622,512,0,256,0,64,0,192,0,106,0,136,0,0,224,160,232,0
300,625,512,0,256,0,64,0,192,0,106,0,136,0,0,224,160,232,0
301,628,512,0,256,0,64,0,192,0,106,0,136,0,0,224,160,232,0
302,630,512,0,256,0,64,0,192,0,106,0,136,0,0,224,160,232,0
303,633,512,0,256,0,64,0,192,0,106,0,136,0,0,224,160,232,0
304,636,512,0,256,0,64,0,192,0,106,0,136,0,0,224,160,232,0
305,638,512,0,256,0,64,0,192,0,106,0,136,0,0,224,160,232,0
306,641,512,0,256,0,64,0,192,0,106,0,136,0,0,224,160,232,0
307,643,512,0,256,0,64,0,192,0,106,0,136,0,0,224,160,232,0
308,646,512,0,256,0,64,0,192,0,106,0,136,0,0,224,160,232,0
309,648,512,0,256,0,64,0,192,0,106,0,136,0,0,224,160,232,0
310,651,512,0,256,0,64,0,192,0,106,0,136,0,0,224,160,232,0
311,653,512,0,256,0,64,0,192,0,106,0,136,0,0,224,160,232,0
312,656,508,4,256,0,64,0,192,0,106,0,136,0,0,224,160,232,4
313,659,484,28,256,0,64,0,192,0,106,0,136,0,0,224,160,232,28
314,661,484,28,256,0,64,0,192,0,106,0,136,0,0,224,160,232,28
315,664,484,28,256,0,64,0,192,0,106,0,136,0,0,224,160,232,28
316,666,484,28,256,0,64,0,192,0,106,0,136,0,0,224,160,232,28
317,669,484,28,256,0,64,0,192,0,106,0,136,0,0,224,160,232,28
318,671,484,28,256,0,64,0,192,0,106,0,136,0,0,224,160,232,28
319,674,484,28,256,0,64,0,192,0,106,0,136,0,0,224,160,232,28
320,676,484,28,256,0,64,0,192,0,106,0,136,0,0,224,160,232,28
321,679,452,28,256,0,64,0,192,0,106,0,136,0,0,224,160,232,28
322,682,472,40,256,0,64,0,192,0,106,0,136,0,0,224,160,232,40
323,684,432,80,256,0,32,0,192,0,106,0,136,0,0,224,160,232,80
324,687,388,124,256,0,60,4,192,0,106,0,136,0,32,224,160,232,128
325,690,384,128,256,0,32,32,192,0,106,0,136,0,32,224,160,232,160
326,692,384,128,256,0,32,32,192,0,106,0,136,0,32,224,160,232,160
327,695,384,128,256,0,32,32,192,0,106,0,136,0,32,224,160,232,160
328,698,384,128,256,0,32,32,192,0,106,0,136,0,32,224,160,232,160
329,701,384,128,256,0,32,32,192,0,106,0,136,0,32,224,160,232,160
330,703,384,128,256,0,32,32,192,0,106,0,136,0,32,224,160,232,160
331,706,384,128,256,0,32,32,192,0,106,0,136,0,32,224,160,232,160
332,709,384,128,256,0,32,32,192,0,106,0,136,0,32,224,160,232,160
333,711,384,128,256,0,32,32,192,0,106,0,136,0,32,224,160,232,160
334,714,384,128,256,0,32,32,192,0,106,0,136,0,32,224,160,232,160
335,716,384,128,256,0,24,40,192,0,106,0,136,0,32,192,160,232,168
336,719,384,128,256,0,20,44,192,0,106,0,136,0,32,192,160,232,172
337,722,384,128,256,0,0,64,192,0,106,0,136,0,32,192,160,232,192
338,724,384,128,256,0,0,64,192,0,106,0,136,0,32,192,160,232,192
339,727,384,128,256,0,0,64,192,0,106,0,136,0,32,192,160,232,192
340,730,384,128,256,0,0,64,192,0,106,0,136,0,32,192,160,232,192
341,733,384,128,256,0,0,64,192,0,106,0,136,0,32,192,160,232,192
342,735,384,128,256,0,0,64,192,0,106,0,136,0,24,136,224,232,192
343,738,384,128,256,0,0,64,192,0,106,0,136,0,24,104,256,232,192
344,740,384,128,256,0,0,64,192,0,106,0,136,0,24,104,256,232,192
345,743,384,128,256,0,0,64,192,0,106,0,136,0,0,72,312,232,192
346,746,384,128,256,0,0,64,192,0,106,0,136,0,0,72,312,232,192
347,748,384,128,256,0,0,64,192,0,106,0,136,0,0,72,312,232,192
348,751,384,128,256,0,0,64,192,0,106,0,136,0,0,72,312,232,192
349,754,384,128,256,0,0,64,192,0,106,0,136,0,0,72,312,232,192
350,756,384,128,256,0,0,64,192,0,106,0,136,0,0,72,312,232,192
351,759,384,128,256,0,0,64,192,0,106,0,136,0,0,72,312,232,192
352,762,384,128,256,0,0,64,192,0,106,0,136,0,0,72,312,232,192
353,764,384,128,256,0,0,64,192,0,106,0,136,0,0,72,312,232,192
354,767,384,128,256,0,0,64,192,0,106,0,136,0,0,72,312,232,192
355,770,384,128,256,0,0,64,192,0,106,0,136,0,0,72,312,232,192
356,772,384,128,256,0,0,64,192,0,106,0,136,0,0,72,312,232,192
357,775,384,128,256,0,0,64,192,0,106,0,136,0,0,72,312,232,192
358,778,384,128,256,0,0,64,192,0,106,0,136,0,0,72,312,232,192
359,780,384,128,256,0,0,64,192,0,106,0,136,0,0,72,312,232,192
360,783,384,128,256,0,0,64,192,0,106,0,136,0,0,72,312,232,192
361,786,384,128,256,0,0,64,192,0,106,0,136,0,0,56,328,232,192
362,788,384,128,256,0,0,64,192,0,106,0,136,0,0,56,328,232,192
363,791,384,128,256,0,0,64,192,0,106,0,136,0,0,56,328,232,192
364,794,384,128,256,0,0,64,192,0,106,0,136,0,0,56,328,232,192
365,796,384,128,256,0,0,64,192,0,106,0,136,0,0,56,328,232,192
366,799,384,128,256,0,0,64,192,0,106,0,136,0,0,56,328,232,192
367,802,384,128,256,0,0,64,192,0,106,0,136,0,0,56,328,232,192
368,804,384,128,256,0,0,64,192,0,106,0,136,0,0,56,328,232,192
369,807,384,128,256,0,0,64,192,0,106,0,136,0,0,56,328,232,192
370,810,384,128,256,0,0,32,224,0,106,0,136,0,0,56,328,232,160
371,812,384,128,256,0,0,32,224,0,106,0,136,0,0,56,328,232,160
372,815,384,128,256,0,0,32,224,0,106,0,136,0,0,56,328,232,160
373,818,384,128,256,0,0,32,224,0,106,0,136,0,0,56,328,232,160
374,820,384,128,256,0,0,32,224,0,100,0,136,0,0,56,328,232,160
375,823,384,128,256,0,0,32,224,0,106,0,136,0,0,56,328,232,160
376,826,384,128,256,0,0,32,224,0,96,10,136,0,0,56,328,232,170
377,829,384,128,256,0,0,32,224,0,82,24,136,0,0,56,328,232,184
378,831,384,128,256,0,0,32,224,0,74,32,136,0,0,56,328,232,192
379,834,384,128,256,0,0,32,224,0,74,32,136,0,0,56,328,232,192
380,837,384,128,256,0,0,32,224,0,74,32,136,0,0,56,328,232,192
381,839,384,100,284,0,0,24,232,0,74,32,136,0,0,56,328,232,156
382,842,384,100,284,0,0,20,236,0,74,32,136,0,0,56,328,232,152
383,845,384,100,284,0,0,0,256,0,74,32,136,0,0,56,328,232,132
384,848,384,100,284,0,0,0,256,0,74,32,136,0,0,56,328,232,132
385,850,384,100,284,0,0,0,256,0,74,32,136,0,0,56,328,232,132
386,853,384,100,284,0,0,0,256,0,74,32,136,0,0,56,328,232,132
387,856,384,100,284,0,0,0,256,0,74,32,136,0,0,56,328,232,132
388,859,384,100,284,0,0,0,256,0,74,32,136,0,0,56,328,232,132
389,861,384,100,284,0,0,0,256,0,74,32,136,0,0,56,328,232,132
390,864,384,56,328,0,0,0,256,0,74,32,136,0,0,56,328,232,88
391,867,384,0,384,0,0,0,256,0,74,32,136,0,0,56,328,232,32
392,870,384,0,384,0,0,0,256,0,74,32,136,0,0,56,328,232,32
393,872,384,0,384,0,0,0,256,0,74,32,136,0,0,56,328,232,32
394,875,384,0,384,0,0,0,256,0,74,32,136,0,0,56,328,232,32
395,878,384,0,384,0,0,0,256,0,74,32,136,0,0,56,328,232,32
396,880,384,0,384,0,0,0,256,0,74,32,136,0,0,56,328,232,32
397,883,384,0,384,0,0,0,256,0,74,32,136,0,0,56,328,232,32
398,886,384,0,384,0,0,0,256,0,74,20,148,0,0,56,328,232,20
399,889,384,0,384,0,0,0,256,0,74,8,160,0,0,56,328,232,8
400,891,384,0,384,0,0,0,256,0,74,0,168,0,0,56,328,232,0
401,894,384,0,384,0,0,0,256,0,74,0,168,0,0,56,328,232,0
402,897,384,0,384,0,0,0,256,0,74,0,168,0,0,56,328,232,0
403,899,384,0,384,0,0,0,256,0,74,0,168,0,0,56,328,232,0
404,902,384,0,384,0,0,0,256,0,74,0,168,0,0,56,328,232,0
405,905,384,0,384,0,0,0,256,0,74,0,168,0,0,56,328,232,0
406,908,384,0,384,0,0,0,256,0,74,0,168,0,0,56,328,232,0
407,911,384,0,384,0,0,0,256,0,74,0,168,0,0,56,328,232,0
408,913,384,0,384,0,0,0,256,0,74,0,168,0,0,56,328,232,0
409,916,384,0,384,0,0,0,256,0,74,0,168,0,0,40,344,232,0
410,919,384,0,384,0,0,0,256,0,74,0,168,0,0,40,344,232,0
411,922,384,0,384,0,0,0,256,0,74,0,168,0,0,40,344,232,0
412,924,384,0,384,0,0,0,256,0,74,0,168,0,0,32,352,232,0
413,927,384,0,384,0,0,0,256,0,74,0,168,0,0,32,352,232,0
414,930,384,0,384,0,0,0,256,0,74,0,168,0,0,32,352,232,0
415,933,384,0,384,0,0,0,256,0,74,0,168,0,0,32,352,232,0
416,935,384,0,384,0,0,0,256,0,74,0,168,0,0,32,352,232,0
417,938,384,0,384,0,0,0,256,0,74,0,168,0,0,32,352,232,0
418,941,384,0,384,0,0,0,256,0,74,0,168,0,0,32,352,232,0
419,944,384,0,384,0,0,0,256,0,74,0,168,0,0,32,352,232,0
420,946,384,0,384,0,0,0,256,0,74,0,168,0,0,32,352,232,0
421,949,384,0,384,0,0,0,256,0,74,0,168,0,0,32,352,232,0
422,952,384,0,384,0,0,0,256,0,74,0,168,0,0,32,352,232,0
423,954,384,0,384,0,0,0,256,0,74,0,168,0,0,32,352,232,0
424,957,384,0,384,0,0,0,256,0,74,0,168,0,0,32,352,232,0
425,960,384,0,384,0,0,0,256,0,74,0,168,0,0,32,352,232,0
426,963,384,0,384,0,0,0,256,0,74,0,168,0,0,32,352,232,0
427,965,384,0,384,0,0,0,256,0,74,0,168,0,0,32,352,232,0
428,968,384,0,384,0,0,0,256,0,74,0,168,0,0,32,352,232,0
429,971,384,0,384,0,0,0,256,0,74,0,168,0,0,32,352,232,0
430,974,384,0,384,0,0,0,256,0,74,0,168,0,0,32,352,232,0
431,976,384,0,384,0,0,0,256,0,74,0,168,0,0,32,352,232,0
432,979,384,0,384,0,0,0,256,0,74,0,168,0,0,32,352,232,0
433,982,384,0,384,0,0,0,256,0,74,0,168,0,0,32,352,232,0
434,985,384,0,384,0,0,0,256,0,74,0,168,0,0,32,352,232,0
435,987,384,0,384,0,0,0,256,0,74,0,168,0,0,32,352,232,0
436,990,384,0,384,0,0,0,256,0,74,0,168,0,0,32,352,232,0
437,993,384,0,384,0,0,0,256,0,74,0,168,0,0,32,352,232,0
438,996,384,0,384,0,0,0,256,0,74,0,168,0,0,32,352,232,0
439,998,384,0,384,0,0,0,256,0,74,0,168,0,0,32,352,232,0
440,1001,384,0,384,0,0,0,256,0,74,0,168,0,0,32,352,232,0
441,1004,384,0,384,0,0,0,256,0,74,0,168,0,0,32,352,232,0
442,1007,384,0,384,0,0,0,256,0,74,0,168,0,0,32,352,232,0
443,1009,384,0,384,0,0,0,256,0,74,0,168,0,0,32,352,232,0
444,1012,384,0,384,0,0,0,256,0,74,0,168,0,0,32,352,232,0
445,1015,384,0,384,0,0,0,256,0,74,0,168,0,0,32,352,232,0
446,1017,384,0,384,0,0,0,256,0,74,0,168,0,0,32,352,232,0
447,1020,384,0,384,0,0,0,256,0,74,0,168,0,0,32,352,232,0
448,1023,384,0,384,0,0,0,256,0,74,0,168,0,0,32,352,232,0
449,1026,384,0,384,0,0,0,256,0,74,0,168,0,0,32,352,232,0
450,1028,384,0,384,0,0,0,256,0,74,0,168,0,0,32,352,232,0
451,1031,384,0,384,0,0,0,256,0,74,0,168,0,0,32,352,232,0
452,1034,384,0,384,0,0,0,256,0,74,0,168,0,0,32,352,232,0
453,1037,384,0,384,0,0,0,256,0,74,0,168,0,0,32,352,232,0
454,1039,384,0,384,0,0,0,256,0,74,0,168,0,0,32,352,232,0
455,1042,384,0,384,0,0,0,256,0,74,0,168,0,0,32,352,232,0
456,1045,384,0,384,0,0,0,256,0,74,0,168,0,0,32,352,232,0
457,1048,384,0,384,0,0,0,256,0,74,0,168,0,0,32,352,232,0
458,1050,384,0,384,0,0,0,256,0,74,0,168,0,0,32,352,232,0
459,1053,384,0,384,0,0,0,256,0,74,0,168,0,0,32,352,232,0
460,1056,384,0,384,0,0,0,256,0,74,0,168,0,0,32,352,232,0
461,1059,384,0,384,0,0,0,256,0,74,0,168,0,0,32,352,232,0
462,1061,384,0,384,0,0,0,256,0,74,0,168,0,0,32,352,232,0
463,1064,384,0,384,0,0,0,256,0,74,0,168,0,0,32,352,232,0
464,1067,384,0,384,0,0,0,256,0,74,0,168,0,0,32,352,232,0
465,1070,384,0,384,0,0,0,256,0,74,0,168,0,0,32,352,232,0
466,1072,384,0,384,0,0,0,256,0,74,0,168,0,0,32,352,232,0
467,1075,384,0,384,0,0,0,256,0,74,0,168,0,0,32,352,232,0
468,1078,384,0,384,0,0,0,256,0,74,0,168,0,0,32,352,232,0
469,1081,376,8,384,0,0,0,256,0,74,0,168,0,0,32,352,232,8
470,1083,376,8,384,0,0,0,256,0,74,0,168,0,0,32,352,232,8
471,1086,376,8,384,0,0,0,256,0,74,0,168,0,0,32,352,232,8
472,1089,376,8,384,0,0,0,256,0,74,0,168,0,0,32,352,232,8
473,1091,376,8,384,0,0,0,256,0,74,0,168,0,0,32,352,232,8
474,1094,376,8,384,0,0,0,256,0,74,0,168,0,0,32,352,232,8
475,1097,376,8,384,0,0,0,256,0,74,0,168,0,0,32,352,232,8
476,1100,332,12,384,0,0,0,256,0,74,0,168,0,0,24,360,232,12
477,1103,360,24,384,0,0,0,256,0,74,0,168,0,0,24,360,232,24
478,1105,316,68,384,0,0,0,256,0,74,0,168,0,0,16,368,232,68
479,1108,260,124,384,0,0,0,256,0,74,0,168,0,0,0,384,232,124
480,1111,256,128,384,0,0,0,256,0,74,0,168,0,0,0,384,232,128
481,1114,256,128,384,0,0,0,256,0,74,0,168,0,0,0,384,232,128
482,1117,256,128,384,0,0,0,256,0,74,0,168,0,0,0,384,232,128
483,1120,256,128,384,0,0,0,256,0,74,0,168,0,0,0,384,232,128
484,1123,256,128,384,0,0,0,256,0,74,0,168,0,0,0,384,232,128
485,1125,256,128,384,0,0,0,256,0,74,0,168,0,0,0,384,232,128
486,1128,256,128,384,0,0,0,256,0,74,0,168,0,0,0,384,232,128
487,1131,256,128,384,0,0,0,256,0,74,0,168,0,0,0,384,232,128
488,1134,256,128,384,0,0,0,256,0,74,0,168,0,0,0,384,232,128
489,1137,256,128,384,0,0,0,256,0,74,0,168,0,0,0,384,232,128
490,1140,256,128,384,0,0,0,256,0,74,0,168,0,0,0,384,232,128
491,1142,256,128,384,0,0,0,256,0,74,0,168,0,0,0,384,232,128
492,1145,256,128,384,0,0,0,256,0,74,0,168,0,0,0,384,232,128
493,1148,256,128,384,0,0,0,256,0,74,0,168,0,0,0,384,232,128
494,1151,256,128,384,0,0,0,256,0,74,0,168,0,0,0,384,232,128
495,1154,256,128,384,0,0,0,256,0,74,0,168,0,0,0,384,232,128
496,1157,256,128,384,0,0,0,256,0,74,0,168,0,0,0,384,232,128
497,1160,256,128,384,0,0,0,256,0,74,0,168,0,0,0,384,232,128
498,1162,256,128,384,0,0,0,256,0,74,0,168,0,0,0,384,232,128
499,1165,256,128,384,0,0,0,256,0,74,0,168,0,0,0,384,232,128
500,1168,256,128,384,0,0,0,256,0,74,0,168,0,0,0,384,232,128
501,1171,256,128,384,0,0,0,256,0,74,0,168,0,0,0,384,232,128
502,1174,256,128,384,0,0,0,256,0,74,0,168,0,0,0,384,232,128
503,1177,256,128,384,0,0,0,256,0,74,0,168,0,0,0,384,232,128
504,1179,256,128,384,0,0,0,256,0,74,0,168,0,0,0,384,232,128
505,1182,256,128,384,0,0,0,256,0,64,0,168,0,0,0,384,232,128
506,1185,256,128,384,0,0,0,256,0,72,2,168,0,0,0,384,232,130
507,1188,256,128,384,0,0,0,256,0,52,22,168,0,0,0,384,232,150
508,1191,256,128,384,0,0,0,256,0,42,32,168,0,0,0,384,232,160
509,1194,256,128,384,0,0,0,256,0,42,32,168,0,0,0,384,232,160
510,1197,256,128,384,0,0,0,256,0,42,32,168,0,0,0,384,232,160
511,1200,256,128,384,0,0,0,256,0,42,32,168,0,0,0,384,232,160
512,1203,256,128,384,0,0,0,256,0,42,32,168,0,0,0,384,232,160
513,1205,256,128,384,0,0,0,256,0,42,32,168,0,0,0,384,232,160
514,1208,256,128,384,0,0,0,256,0,42,32,168,0,0,0,384,232,160
515,1211,256,128,384,0,0,0,256,0,42,32,168,0,0,0,384,232,160
516,1214,256,128,384,0,0,0,256,0,42,32,168,0,0,0,384,232,160
517,1217,256,128,384,0,0,0,256,0,42,32,168,0,0,0,384,232,160
518,1220,256,128,384,0,0,0,256,0,42,32,168,0,0,0,384,232,160
519,1223,256,128,384,0,0,0,256,0,42,32,168,0,0,0,384,232,160
520,1226,256,128,384,0,0,0,256,0,42,32,168,0,0,0,384,232,160
521,1229,256,128,384,0,0,0,256,0,42,32,168,0,0,0,384,232,160
522,1232,256,128,384,0,0,0,256,0,42,32,168,0,0,0,384,232,160
523,1235,256,128,384,0,0,0,256,0,42,32,168,0,0,0,384,232,160
524,1237,256,128,384,0,0,0,256,0,42,32,168,0,0,0,384,232,160
525,1240,256,128,384,0,0,0,256,0,42,32,168,0,0,0,384,232,160
526,1243,256,128,384,0,0,0,256,0,42,32,168,0,0,0,384,232,160
527,1246,256,128,384,0,0,0,256,0,42,32,168,0,0,0,384,232,160
528,1249,256,128,384,0,0,0,256,0,42,6,194,0,0,0,384,232,134
529,1252,256,128,384,0,0,0,256,0,42,0,200,0,0,0,384,232,128
530,1255,256,128,384,0,0,0,256,0,42,0,200,0,0,0,384,232,128
531,1258,256,128,384,0,0,0,256,0,42,0,200,0,0,0,384,232,128
532,1261,256,128,384,0,0,0,256,0,42,0,200,0,0,0,384,232,128
533,1264,256,120,392,0,0,0,256,0,42,0,200,0,0,0,384,232,120
534,1267,256,120,392,0,0,0,256,0,42,0,200,0,0,0,384,232,120
535,1269,256,120,392,0,0,0,256,0,42,0,200,0,0,0,384,232,120
536,1272,256,120,392,0,0,0,256,0,42,0,200,0,0,0,384,232,120
537,1275,256,120,392,0,0,0,256,0,42,0,200,0,0,0,384,232,120
538,1278,256,120,392,0,0,0,256,0,42,0,200,0,0,0,384,232,120
539,1281,256,120,392,0,0,0,256,0,42,0,200,0,0,0,384,232,120
540,1284,256,76,436,0,0,0,256,0,42,0,200,0,0,0,384,232,76
541,1287,256,16,496,0,0,0,256,0,42,0,200,0,0,0,384,232,16
542,1290,256,0,512,0,0,0,256,0,42,0,200,0,0,0,384,232,0
543,1293,256,0,512,0,0,0,256,0,42,0,200,0,0,0,384,232,0
544,1296,256,0,512,0,0,0,256,0,42,0,200,0,0,0,384,232,0
545,1299,256,0,512,0,0,0,256,0,42,0,200,0,0,0,384,232,0
546,1302,256,0,512,0,0,0,256,0,42,0,200,0,0,0,384,232,0
547,1305,256,0,512,0,0,0,256,0,42,0,200,0,0,0,384,232,0
548,1307,256,0,512,0,0,0,256,0,42,0,200,0,0,0,384,232,0
549,1310,256,0,512,0,0,0,256,0,42,0,200,0,0,0,384,232,0
550,1313,256,0,512,0,0,0,256,0,42,0,200,0,0,0,384,232,0
551,1316,256,0,512,0,0,0,256,0,42,0,200,0,0,0,384,232,0
552,1319,256,0,512,0,0,0,256,0,42,0,200,0,0,0,384,232,0
553,1322,256,0,512,0,0,0,256,0,42,0,200,0,0,0,384,232,0
554,1325,256,0,512,0,0,0,256,0,42,0,200,0,0,0,384,232,0
555,1328,256,0,512,0,0,0,256,0,42,0,200,0,0,0,384,232,0
556,1331,256,0,512,0,0,0,256,0,42,0,200,0,0,0,384,232,0
557,1334,256,0,512,0,0,0,256,0,42,0,200,0,0,0,384,232,0
558,1337,256,0,512,0,0,0,256,0,42,0,200,0,0,0,384,232,0
559,1340,256,0,512,0,0,0,256,0,42,0,200,0,0,0,384,232,0
560,1342,256,0,512,0,0,0,256,0,42,0,200,0,0,0,384,232,0
561,1345,256,0,512,0,0,0,256,0,42,0,200,0,0,0,384,232,0
562,1348,256,0,512,0,0,0,256,0,42,0,200,0,0,0,384,232,0
563,1351,256,0,512,0,0,0,256,0,42,0,200,0,0,0,384,232,0
564,1354,256,0,512,0,0,0,256,0,42,0,200,0,0,0,384,232,0
565,1357,256,0,512,0,0,0,256,0,42,0,200,0,0,0,384,232,0
566,1360,256,0,512,0,0,0,256,0,42,0,200,0,0,0,384,232,0
567,1363,256,0,512,0,0,0,256,0,42,0,200,0,0,0,384,232,0
568,1366,256,0,512,0,0,0,256,0,42,0,200,0,0,0,384,232,0
569,1369,256,0,512,0,0,0,256,0,42,0,200,0,0,0,384,232,0
570,1372,256,0,512,0,0,0,256,0,42,0,200,0,0,0,384,232,0
571,1375,256,0,512,0,0,0,256,0,42,0,200,0,0,0,384,232,0
572,1378,256,0,512,0,0,0,256,0,42,0,200,0,0,0,384,232,0
573,1381,256,0,512,0,0,0,256,0,42,0,200,0,0,0,384,232,0
574,1383,256,0,512,0,0,0,256,0,42,0,200,0,0,0,384,232,0
575,1386,256,0,512,0,0,0,256,0,42,0,200,0,0,0,384,232,0
576,1389,256,0,512,0,0,0,256,0,42,0,200,0,0,0,384,232,0
577,1392,256,0,512,0,0,0,256,0,42,0,200,0,0,0,384,232,0
578,1395,256,0,512,0,0,0,256,0,42,0,200,0,0,0,384,232,0
579,1398,256,0,512,0,0,0,256,0,42,0,200,0,0,0,384,232,0
580,1401,256,0,512,0,0,0,256,0,42,0,200,0,0,0,384,232,0
581,1404,256,0,512,0,0,0,256,0,42,0,200,0,0,0,384,232,0
582,1407,256,0,512,0,0,0,256,0,42,0,200,0,0,0,384,232,0
583,1410,256,0,512,0,0,0,256,0,42,0,200,0,0,0,384,232,0
584,1413,256,0,512,0,0,0,256,0,42,0,200,0,0,0,384,232,0
585,1416,256,0,512,0,0,0,256,0,42,0,200,0,0,0,384,232,0
586,1418,256,0,512,0,0,0,256,0,42,0,200,0,0,0,384,232,0
587,1421,256,0,512,0,0,0,256,0,42,0,200,0,0,0,384,232,0
588,1424,256,0,512,0,0,0,256,0,42,0,200,0,0,0,384,232,0
589,1427,256,0,512,0,0,0,256,0,42,0,200,0,0,0,384,232,0
590,1430,256,0,512,0,0,0,256,0,42,0,200,0,0,0,384,232,0
591,1433,256,0,512,0,0,0,256,0,42,0,200,0,0,0,384,232,0
592,1436,256,0,512,0,0,0,256,0,42,0,200,0,0,0,384,232,0
593,1439,256,0,512,0,0,0,256,0,42,0,200,0,0,0,384,232,0
594,1442,256,0,512,0,0,0,256,0,42,0,200,0,0,0,384,232,0
595,1445,256,0,512,0,0,0,256,0,42,0,200,0,0,0,384,232,0
596,1448,256,0,512,0,0,0,256,0,42,0,200,0,0,0,384,232,0
597,1451,256,0,512,0,0,0,256,0,42,0,200,0,0,0,384,232,0
598,1454,256,0,512,0,0,0,256,0,42,0,200,0,0,0,384,232,0
599,1456,256,0,512,0,0,0,256,0,42,0,200,0,0,0,384,232,0
600,1459,256,0,512,0,0,0,256,0,42,0,200,0,0,0,384,232,0
601,1462,224,0,512,0,0,0,256,0,42,0,200,0,0,0,384,232,0
602,1465,192,52,512,0,0,0,256,0,42,0,200,0,0,0,384,232,52
603,1468,180,68,512,0,0,0,256,0,42,0,200,0,0,0,384,232,68
604,1471,156,92,512,0,0,0,256,0,42,0,200,0,0,0,384,232,92
605,1475,136,104,512,0,0,0,256,0,42,0,200,0,0,0,384,232,104
606,1477,128,128,512,0,0,0,256,0,42,0,200,0,0,0,384,232,128
607,1480,128,128,512,0,0,0,256,0,42,0,200,0,0,0,384,232,128
608,1483,128,128,512,0,0,0,256,0,42,0,200,0,0,0,384,232,128
609,1487,128,128,512,0,0,0,256,0,18,0,200,0,0,0,384,232,128
610,1489,128,128,512,0,0,0,256,0,22,20,200,0,0,0,384,232,148
611,1493,128,128,512,0,0,0,256,0,10,32,200,0,0,0,384,232,160
612,1496,128,128,512,0,0,0,256,0,10,32,200,0,0,0,384,232,160
613,1499,128,128,512,0,0,0,256,0,10,32,200,0,0,0,384,232,160
614,1502,128,128,512,0,0,0,256,0,10,32,200,0,0,0,384,232,160
615,1505,128,128,512,0,0,0,256,0,10,32,200,0,0,0,384,232,160
616,1508,128,128,512,0,0,0,256,0,10,32,200,0,0,0,384,232,160
617,1511,128,128,512,0,0,0,256,0,10,32,200,0,0,0,384,232,160
618,1514,128,128,512,0,0,0,256,0,10,32,200,0,0,0,384,232,160
619,1517,128,128,512,0,0,0,256,0,10,32,200,0,0,0,384,232,160
620,1520,128,128,512,0,0,0,256,0,10,32,200,0,0,0,384,232,160
621,1523,128,128,512,0,0,0,256,0,10,32,200,0,0,0,384,232,160
622,1526,128,128,512,0,0,0,256,0,10,32,200,0,0,0,384,232,160
623,1530,128,128,512,0,0,0,256,0,10,32,200,0,0,0,384,232,160
624,1532,128,128,512,0,0,0,256,0,10,32,200,0,0,0,384,232,160
625,1535,128,128,512,0,0,0,256,0,10,32,200,0,0,0,384,232,160
626,1539,128,128,512,0,0,0,256,0,10,32,200,0,0,0,384,232,160
627,1542,128,128,512,0,0,0,256,0,10,32,200,0,0,0,384,232,160
628,1545,128,128,512,0,0,0,256,0,10,32,200,0,0,0,384,232,160
629,1548,128,128,512,0,0,0,256,0,10,32,200,0,0,0,384,232,160
630,1551,128,128,512,0,0,0,256,0,10,14,218,0,0,0,384,232,142
631,1554,128,128,512,0,0,0,256,0,10,0,232,0,0,0,384,232,128
632,1557,128,128,512,0,0,0,256,0,10,0,232,0,0,0,384,232,128
633,1560,128,128,512,0,0,0,256,0,10,0,232,0,0,0,384,232,128
634,1563,128,128,512,0,0,0,256,0,10,0,232,0,0,0,384,232,128
635,1566,128,128,512,0,0,0,256,0,10,0,232,0,0,0,384,232,128
636,1569,128,128,512,0,0,0,256,0,10,0,232,0,0,0,384,232,128
637,1572,128,128,512,0,0,0,256,0,10,0,232,0,0,0,384,232,128
638,1575,128,128,512,0,0,0,256,0,10,0,232,0,0,0,384,232,128
639,1578,128,128,512,0,0,0,256,0,10,0,232,0,0,0,384,232,128
640,1582,128,128,512,0,0,0,256,0,10,0,232,0,0,0,384,232,128
641,1585,128,128,512,0,0,0,256,0,10,0,232,0,0,0,384,232,128
642,1588,128,128,512,0,0,0,256,0,10,0,232,0,0,0,384,232,128
643,1591,128,128,512,0,0,0,256,0,10,0,232,0,0,0,384,232,128
644,1594,128,128,512,0,0,0,256,0,10,0,232,0,0,0,384,232,128
645,1597,128,128,512,0,0,0,256,0,10,0,232,0,0,0,384,232,128
646,1600,128,128,512,0,0,0,256,0,10,0,232,0,0,0,384,232,128
647,1603,128,128,512,0,0,0,256,0,10,0,232,0,0,0,384,232,128
648,1606,128,128,512,0,0,0,256,0,10,0,232,0,0,0,384,232,128
649,1609,128,128,512,0,0,0,256,0,10,0,232,0,0,0,384,232,128
650,1612,128,128,512,0,0,0,256,0,10,0,232,0,0,0,384,232,128
651,1615,128,128,512,0,0,0,256,0,10,0,232,0,0,0,384,232,128
652,1618,128,128,512,0,0,0,256,0,10,0,232,0,0,0,384,232,128
653,1621,128,128,512,0,0,0,256,0,10,0,232,0,0,0,384,232,128
654,1624,128,128,512,0,0,0,256,0,10,0,232,0,0,0,384,232,128
655,1627,128,128,512,0,0,0,256,0,10,0,232,0,0,0,384,232,128
656,1630,128,128,512,0,0,0,256,0,10,0,232,0,0,0,384,232,128
657,1634,128,128,512,0,0,0,256,0,10,0,232,0,0,0,384,232,128
658,1637,128,128,512,0,0,0,256,0,10,0,232,0,0,0,384,232,128
659,1640,128,128,512,0,0,0,256,0,10,0,232,0,0,0,384,232,128
660,1643,128,128,512,0,0,0,256,0,10,0,232,0,0,0,384,232,128
661,1646,128,128,512,0,0,0,256,0,10,0,232,0,0,0,384,232,128
662,1649,128,68,572,0,0,0,256,0,10,0,232,0,0,0,384,232,68
663,1652,128,48,592,0,0,0,256,0,10,0,232,0,0,0,384,232,48
664,1655,128,32,608,0,0,0,256,0,10,0,232,0,0,0,384,232,32
665,1658,128,20,620,0,0,0,256,0,10,0,232,0,0,0,384,232,20
666,1661,128,0,640,0,0,0,256,0,10,0,232,0,0,0,384,232,0
667,1664,128,0,640,0,0,0,256,0,10,0,232,0,0,0,384,232,0
668,1667,128,0,640,0,0,0,256,0,10,0,232,0,0,0,384,232,0
669,1670,128,0,640,0,0,0,256,0,10,0,232,0,0,0,384,232,0
670,1673,128,0,640,0,0,0,256,0,10,0,232,0,0,0,384,232,0
671,1677,128,0,640,0,0,0,256,0,10,0,232,0,0,0,384,232,0
672,1679,128,0,640,0,0,0,256,0,10,0,232,0,0,0,384,232,0
673,1683,128,0,640,0,0,0,256,0,10,0,232,0,0,0,384,232,0
674,1686,128,0,640,0,0,0,256,0,10,0,232,0,0,0,384,232,0
675,1689,128,0,640,0,0,0,256,0,10,0,232,0,0,0,384,232,0
676,1692,128,0,640,0,0,0,256,0,10,0,232,0,0,0,384,232,0
677,1695,128,0,640,0,0,0,256,0,10,0,232,0,0,0,384,232,0
678,1698,128,0,640,0,0,0,256,0,10,0,232,0,0,0,384,232,0
679,1701,128,0,640,0,0,0,256,0,10,0,232,0,0,0,384,232,0
680,1704,128,0,640,0,0,0,256,0,10,0,232,0,0,0,384,232,0
681,1707,128,0,640,0,0,0,256,0,10,0,232,0,0,0,384,232,0
682,1710,128,0,640,0,0,0,256,0,10,0,232,0,0,0,384,232,0
683,1713,128,0,640,0,0,0,256,0,10,0,232,0,0,0,384,232,0
684,1716,128,0,640,0,0,0,256,0,10,0,232,0,0,0,384,232,0
685,1719,128,0,640,0,0,0,256,0,10,0,232,0,0,0,384,232,0
686,1722,128,0,640,0,0,0,256,0,10,0,232,0,0,0,384,232,0
687,1725,128,0,640,0,0,0,256,0,10,0,232,0,0,0,384,232,0
688,1728,128,0,640,0,0,0,256,0,10,0,232,0,0,0,384,232,0
689,1732,128,0,640,0,0,0,256,0,10,0,232,0,0,0,384,232,0
690,1735,128,0,640,0,0,0,256,0,10,0,232,0,0,0,384,232,0
691,1738,128,0,640,0,0,0,256,0,10,0,232,0,0,0,384,232,0
692,1741,128,0,640,0,0,0,256,0,10,0,232,0,0,0,384,232,0
693,1744,128,0,640,0,0,0,256,0,10,0,232,0,0,0,384,232,0
694,1747,128,0,640,0,0,0,256,0,10,0,232,0,0,0,384,232,0
695,1750,128,0,640,0,0,0,256,0,10,0,232,0,0,0,384,232,0
696,1753,128,0,640,0,0,0,256,0,10,0,232,0,0,0,384,232,0
697,1756,128,0,640,0,0,0,256,0,10,0,232,0,0,0,384,232,0
698,1759,128,0,640,0,0,0,256,0,10,0,232,0,0,0,384,232,0
699,1762,128,0,640,0,0,0,256,0,10,0,232,0,0,0,384,232,0
700,1765,128,0,640,0,0,0,256,0,10,0,232,0,0,0,384,232,0
701,1768,128,0,640,0,0,0,256,0,10,0,232,0,0,0,384,232,0
702,1771,128,0,640,0,0,0,256,0,10,0,232,0,0,0,384,232,0
703,1774,128,0,640,0,0,0,256,0,10,0,232,0,0,0,384,232,0
704,1777,128,0,640,0,0,0,256,0,10,0,232,0,0,0,384,232,0
705,1780,128,0,640,0,0,0,256,0,10,0,232,0,0,0,384,232,0
706,1783,128,0,640,0,0,0,256,0,10,0,232,0,0,0,384,232,0
707,1786,128,0,640,0,0,0,256,0,10,0,232,0,0,0,384,232,0
708,1789,128,0,640,0,0,0,256,0,10,0,232,0,0,0,384,232,0
709,1792,128,0,640,0,0,0,256,0,10,0,232,0,0,0,384,232,0
710,1796,128,0,640,0,0,0,256,0,10,0,232,0,0,0,384,232,0
711,1799,128,0,640,0,0,0,256,0,10,0,232,0,0,0,384,232,0
712,1802,128,0,640,0,0,0,256,0,10,0,232,0,0,0,384,232,0
713,1805,128,0,640,0,0,0,256,0,10,0,232,0,0,0,384,232,0
714,1808,128,0,640,0,0,0,256,0,10,0,232,0,0,0,384,232,0
715,1811,128,0,640,0,0,0,256,0,10,0,232,0,0,0,384,232,0
716,1814,128,0,640,0,0,0,256,0,10,0,232,0,0,0,384,232,0
717,1817,128,0,640,0,0,0,256,0,10,0,232,0,0,0,384,232,0
718,1820,128,0,640,0,0,0,256,0,10,0,232,0,0,0,384,232,0
719,1823,128,0,640,0,0,0,256,0,10,0,232,0,0,0,384,232,0
720,1826,128,0,640,0,0,0,256,0,10,0,232,0,0,0,384,232,0
721,1829,128,0,640,0,0,0,256,0,10,0,232,0,0,0,384,232,0
722,1832,128,0,640,0,0,0,256,0,10,0,232,0,0,0,384,232,0
723,1835,88,0,640,0,0,0,256,0,10,0,232,0,0,0,384,232,0
724,1838,100,4,640,0,0,0,256,0,10,0,232,0,0,0,384,232,4
725,1842,80,48,640,0,0,0,256,0,10,0,232,0,0,0,384,232,48
726,1845,8,120,640,0,0,0,256,0,10,0,232,0,0,0,384,232,120
727,1848,0,128,640,0,0,0,256,0,10,0,232,0,0,0,384,232,128
728,1851,0,128,640,0,0,0,256,0,10,0,232,0,0,0,384,232,128
729,1854,0,128,640,0,0,0,256,0,10,0,232,0,0,0,384,232,128
730,1857,0,128,640,0,0,0,256,0,10,0,232,0,0,0,384,232,128
731,1860,0,128,640,0,0,0,256,0,10,0,232,0,0,0,384,232,128
732,1864,0,128,640,0,0,0,256,0,10,0,232,0,0,0,384,232,128
733,1867,0,128,640,0,0,0,256,0,10,0,232,0,0,0,384,232,128
734,1870,0,128,640,0,0,0,256,0,10,0,232,0,0,0,384,232,128
735,1873,0,128,640,0,0,0,256,0,10,0,232,0,0,0,384,232,128
736,1876,0,128,640,0,0,0,256,0,10,0,232,0,0,0,384,232,128
737,1879,0,128,640,0,0,0,256,0,10,0,232,0,0,0,384,232,128
738,1883,0,128,640,0,0,0,256,0,10,0,232,0,0,0,384,232,128
739,1886,0,128,640,0,0,0,256,0,10,0,232,0,0,0,384,232,128
740,1889,0,128,640,0,0,0,256,0,10,0,232,0,0,0,384,232,128
741,1892,0,128,640,0,0,0,256,0,10,0,232,0,0,0,384,232,128
742,1895,0,128,640,0,0,0,256,0,10,0,232,0,0,0,384,232,128
743,1898,0,128,640,0,0,0,256,0,10,0,232,0,0,0,384,232,128
744,1902,0,128,640,0,0,0,256,0,10,0,232,0,0,0,384,232,128
745,1905,0,128,640,0,0,0,256,0,2,0,232,0,0,0,384,232,128
746,1908,0,128,640,0,0,0,256,0,0,10,232,0,0,0,384,232,138
747,1911,0,128,640,0,0,0,256,0,0,10,232,0,0,0,384,232,138
748,1914,0,128,640,0,0,0,256,0,0,10,232,0,0,0,384,232,138
749,1918,0,128,640,0,0,0,256,0,0,10,232,0,0,0,384,232,138
750,1921,0,128,640,0,0,0,256,0,0,10,232,0,0,0,384,232,138
751,1924,0,128,640,0,0,0,256,0,0,10,232,0,0,0,384,232,138
752,1927,0,128,640,0,0,0,256,0,0,10,232,0,0,0,384,232,138
753,1930,0,128,640,0,0,0,256,0,0,10,232,0,0,0,384,232,138
754,1933,0,128,640,0,0,0,256,0,0,10,232,0,0,0,384,232,138
755,1936,0,128,640,0,0,0,256,0,0,10,232,0,0,0,384,232,138
756,1940,0,128,640,0,0,0,256,0,0,10,232,0,0,0,384,232,138
757,1943,0,128,640,0,0,0,256,0,0,10,232,0,0,0,384,232,138
758,1946,0,128,640,0,0,0,256,0,0,10,232,0,0,0,384,232,138
759,1949,0,128,640,0,0,0,256,0,0,10,232,0,0,0,384,232,138
760,1952,0,128,640,0,0,0,256,0,0,10,232,0,0,0,384,232,138
761,1955,0,128,640,0,0,0,256,0,0,10,232,0,0,0,384,232,138
762,1959,0,128,640,0,0,0,256,0,0,10,232,0,0,0,384,232,138
763,1962,0,128,640,0,0,0,256,0,0,10,232,0,0,0,384,232,138
764,1965,0,128,640,0,0,0,256,0,0,10,232,0,0,0,384,232,138
765,1968,0,128,640,0,0,0,256,0,0,8,234,0,0,0,384,232,136
766,1971,0,128,640,0,0,0,256,0,0,0,242,0,0,0,384,232,128
767,1975,0,128,640,0,0,0,256,0,0,0,242,0,0,0,384,232,128
768,1978,0,128,640,0,0,0,256,0,0,0,242,0,0,0,384,232,128
769,1981,0,128,640,0,0,0,256,0,0,0,242,0,0,0,384,232,128
770,1984,0,128,640,0,0,0,256,0,0,0,242,0,0,0,384,232,128
771,1987,0,128,640,0,0,0,256,0,0,0,242,0,0,0,384,232,128
772,1991,0,128,640,0,0,0,256,0,0,0,242,0,0,0,384,232,128
773,1994,0,128,640,0,0,0,256,0,0,0,242,0,0,0,384,232,128
774,1997,0,128,640,0,0,0,256,0,0,0,242,0,0,0,384,232,128
775,2000,0,128,640,0,0,0,256,0,0,0,242,0,0,0,384,232,128
776,2003,0,128,640,0,0,0,256,0,0,0,242,0,0,0,384,232,128
777,2006,0,128,640,0,0,0,256,0,0,0,242,0,0,0,384,232,128
778,2010,0,128,640,0,0,0,256,0,0,0,242,0,0,0,384,232,128
779,2013,0,128,640,0,0,0,256,0,0,0,242,0,0,0,384,232,128
780,2016,0,128,640,0,0,0,256,0,0,0,242,0,0,0,384,232,128
781,2019,0,120,648,0,0,0,256,0,0,0,242,0,0,0,384,232,120
782,2022,0,60,708,0,0,0,256,0,0,0,242,0,0,0,384,232,60
783,2025,0,0,768,0,0,0,256,0,0,0,242,0,0,0,384,232,0
